order_id,table_id,parent_table_id,is_cleared,is_printed,created_on,modified_on
0000018747,00032,NULL,0,0,"2025-06-26 12:20:09","2025-06-26 12:20:09"
0000018746,00021,NULL,0,0,"2025-06-26 12:19:54","2025-06-26 12:19:54"
0000018745,00020,NULL,0,0,"2025-06-26 12:19:36","2025-06-26 12:19:36"
0000018744,00030,NULL,0,0,"2025-06-26 12:00:47","2025-06-26 12:00:47"
0000018743,00022,NULL,0,0,"2025-06-26 11:58:52","2025-06-26 11:58:52"
0000018742,00023,NULL,0,0,"2025-06-26 11:58:36","2025-06-26 11:58:36"
0000018738,00028,NULL,0,0,"2025-06-26 11:40:55","2025-06-26 11:40:55"
0000018737,00021,NULL,1,0,"2025-06-26 11:04:16","2025-06-26 11:57:45"
0000018736,00020,NULL,1,0,"2025-06-26 10:59:00","2025-06-26 12:00:25"
0000018735,00022,NULL,1,0,"2025-06-25 19:45:49","2025-06-25 20:22:11"
0000018734,00029,NULL,1,0,"2025-06-25 19:34:16","2025-06-25 20:33:36"
0000018733,00019,NULL,1,0,"2025-06-25 19:21:56","2025-06-25 20:41:35"
0000018732,00030,NULL,1,0,"2025-06-25 19:19:07","2025-06-25 20:31:36"
0000018731,00023,NULL,1,0,"2025-06-25 19:05:48","2025-06-25 20:04:37"
0000018730,00034,NULL,1,0,"2025-06-25 18:54:45","2025-06-25 20:40:25"
0000018729,00031,NULL,1,0,"2025-06-25 18:43:52","2025-06-25 20:10:36"
0000018728,00026,NULL,1,0,"2025-06-25 18:40:24","2025-06-25 19:48:24"
0000018727,00027,NULL,1,0,"2025-06-25 18:35:12","2025-06-25 19:25:32"
0000018726,00021,NULL,1,0,"2025-06-25 18:22:58","2025-06-25 19:47:55"
0000018725,00020,NULL,1,0,"2025-06-25 18:12:04","2025-06-25 20:20:56"
0000018724,00028,NULL,1,0,"2025-06-25 18:11:51","2025-06-25 19:33:32"
0000018723,00033,NULL,1,0,"2025-06-25 18:09:46","2025-06-25 19:22:24"
0000018722,00023,NULL,1,0,"2025-06-25 17:57:35","2025-06-25 19:00:11"
0000018721,00022,NULL,1,0,"2025-06-25 17:57:20","2025-06-25 19:13:34"
0000018720,00032,NULL,1,0,"2025-06-25 17:46:09","2025-06-25 19:12:36"
0000018719,00024,NULL,1,0,"2025-06-25 17:43:07","2025-06-25 19:19:41"
0000018718,00019,NULL,1,0,"2025-06-25 17:33:45","2025-06-25 19:18:15"
0000018717,00026,NULL,1,0,"2025-06-25 17:27:20","2025-06-25 18:26:23"
0000018716,00029,NULL,1,0,"2025-06-25 17:22:59","2025-06-25 19:06:38"
0000018715,00031,NULL,1,0,"2025-06-25 17:20:28","2025-06-25 18:34:51"
0000018714,00030,NULL,1,0,"2025-06-25 17:13:34","2025-06-25 18:46:06"
0000018713,00028,NULL,1,0,"2025-06-25 17:10:40","2025-06-25 18:02:13"
0000018712,00023,NULL,1,0,"2025-06-25 16:55:33","2025-06-25 17:35:51"
0000018711,00022,NULL,1,0,"2025-06-25 16:51:54","2025-06-25 17:44:04"
0000018710,00021,NULL,1,0,"2025-06-25 16:50:18","2025-06-25 18:17:44"
0000018709,00020,NULL,1,0,"2025-06-25 16:41:26","2025-06-25 17:52:23"
0000018708,00027,NULL,1,0,"2025-06-25 16:38:46","2025-06-25 18:25:20"
0000018707,00024,NULL,1,0,"2025-06-25 16:08:31","2025-06-25 17:34:30"
0000018706,00031,NULL,1,0,"2025-06-25 16:02:34","2025-06-25 17:05:31"
0000018705,00022,NULL,1,0,"2025-06-25 16:01:41","2025-06-25 16:47:10"
0000018704,00023,NULL,1,0,"2025-06-25 15:38:54","2025-06-25 16:32:33"
0000018703,00020,NULL,1,0,"2025-06-25 15:11:15","2025-06-25 16:25:51"
0000018702,00021,NULL,1,0,"2025-06-25 15:10:34","2025-06-25 16:35:55"
0000018701,00028,NULL,1,0,"2025-06-25 15:00:53","2025-06-25 16:22:01"
0000018700,00024,NULL,1,0,"2025-06-25 14:40:20","2025-06-25 15:51:56"
0000018699,00022,NULL,1,0,"2025-06-25 14:06:41","2025-06-25 15:45:42"
0000018698,00021,NULL,1,0,"2025-06-25 14:02:23","2025-06-25 14:55:15"
0000018697,00028,NULL,1,0,"2025-06-25 13:10:21","2025-06-25 14:17:59"
0000018696,00030,NULL,1,0,"2025-06-25 13:04:03","2025-06-25 14:39:01"
0000018695,00023,NULL,1,0,"2025-06-25 12:59:38","2025-06-25 13:59:19"
0000018694,00024,NULL,1,0,"2025-06-25 12:52:21","2025-06-25 13:58:12"
0000018693,00021,NULL,1,0,"2025-06-25 12:37:10","2025-06-25 13:17:43"
0000018692,00022,NULL,1,0,"2025-06-25 12:36:36","2025-06-25 13:43:00"
0000018691,00031,NULL,1,0,"2025-06-25 12:18:17","2025-06-25 13:45:41"
0000018690,00019,NULL,1,0,"2025-06-25 12:06:42","2025-06-25 13:08:51"
0000018689,00024,NULL,1,0,"2025-06-25 11:42:25","2025-06-25 12:46:28"
0000018688,00023,NULL,1,0,"2025-06-25 11:25:24","2025-06-25 12:40:16"
0000018687,00021,NULL,1,0,"2025-06-25 11:24:47","2025-06-25 12:09:30"
0000018686,00030,NULL,1,0,"2025-06-25 11:23:20","2025-06-25 12:31:08"
0000018685,00026,NULL,1,0,"2025-06-24 19:32:53","2025-06-24 20:23:17"
0000018684,00023,NULL,1,0,"2025-06-24 19:32:37","2025-06-24 20:09:10"
0000018683,00033,NULL,1,0,"2025-06-24 19:32:05","2025-06-24 20:27:37"
0000018682,00036,NULL,1,0,"2025-06-24 19:15:54","2025-06-24 19:16:18"
0000018681,00031,NULL,1,0,"2025-06-24 19:10:47","2025-06-24 20:26:47"
0000018680,00029,NULL,1,0,"2025-06-24 19:06:56","2025-06-24 20:00:28"
0000018679,00030,NULL,1,0,"2025-06-24 19:01:32","2025-06-24 19:59:46"
0000018678,00027,NULL,1,0,"2025-06-24 18:57:31","2025-06-24 20:14:54"
0000018677,00034,NULL,1,0,"2025-06-24 18:51:32","2025-06-24 19:49:02"
0000018676,00035,NULL,1,0,"2025-06-24 18:51:00","2025-06-24 19:42:07"
0000018675,00021,NULL,1,0,"2025-06-24 18:44:05","2025-06-24 19:42:38"
0000018674,00022,NULL,1,0,"2025-06-24 18:35:40","2025-06-24 19:41:12"
0000018673,00033,NULL,1,0,"2025-06-24 18:29:59","2025-06-24 19:23:26"
0000018672,00032,NULL,1,0,"2025-06-24 18:27:23","2025-06-24 19:21:34"
0000018671,00020,NULL,1,0,"2025-06-24 18:25:00","2025-06-24 19:30:38"
0000018670,00026,NULL,1,0,"2025-06-24 18:12:10","2025-06-24 19:15:13"
0000018669,00028,NULL,1,0,"2025-06-24 18:06:44","2025-06-24 19:51:05"
0000018668,00030,NULL,1,0,"2025-06-24 17:52:21","2025-06-24 18:59:15"
0000018667,00031,NULL,1,0,"2025-06-24 17:51:05","2025-06-24 19:05:22"
0000018666,00029,NULL,1,0,"2025-06-24 17:45:41","2025-06-24 19:04:47"
0000018665,00024,NULL,1,0,"2025-06-24 17:45:22","2025-06-24 19:28:39"
0000018664,00023,NULL,1,0,"2025-06-24 17:44:57","2025-06-24 19:06:07"
0000018663,00027,NULL,1,0,"2025-06-24 17:29:50","2025-06-24 18:54:14"
0000018662,00028,NULL,1,0,"2025-06-24 17:10:51","2025-06-24 17:59:23"
0000018661,00026,NULL,1,0,"2025-06-24 17:05:16","2025-06-24 17:58:50"
0000018660,00022,NULL,1,0,"2025-06-24 16:44:18","2025-06-24 18:15:58"
0000018659,00021,NULL,1,0,"2025-06-24 16:37:41","2025-06-24 18:09:40"
0000018658,00024,NULL,1,1,"2025-06-24 15:41:28","2025-06-24 16:52:37"
0000018657,00026,NULL,1,0,"2025-06-24 15:38:11","2025-06-24 16:56:10"
0000018656,00020,NULL,1,0,"2025-06-24 14:58:54","2025-06-24 15:46:07"
0000018655,00021,NULL,1,0,"2025-06-24 14:58:40","2025-06-24 15:57:30"
0000018654,00022,NULL,1,0,"2025-06-24 14:48:45","2025-06-24 16:06:03"
0000018653,00023,NULL,1,0,"2025-06-24 14:38:09","2025-06-24 16:46:21"
0000018652,00028,NULL,1,0,"2025-06-24 14:29:58","2025-06-24 15:41:17"
0000018651,00019,NULL,1,0,"2025-06-24 13:31:44","2025-06-24 14:52:52"
0000018650,00024,NULL,1,0,"2025-06-24 13:24:43","2025-06-24 14:33:59"
0000018649,00023,NULL,1,0,"2025-06-24 13:05:30","2025-06-24 14:10:53"
0000018648,00020,NULL,1,0,"2025-06-24 12:53:14","2025-06-24 14:26:40"
0000018647,00026,NULL,1,0,"2025-06-24 12:46:55","2025-06-24 13:45:04"
0000018646,00033,NULL,1,0,"2025-06-24 12:45:58","2025-06-24 15:04:47"
0000018645,00022,NULL,1,0,"2025-06-24 12:42:55","2025-06-24 13:49:05"
0000018644,00021,NULL,1,0,"2025-06-24 12:39:09","2025-06-24 13:56:27"
0000018643,00032,NULL,1,0,"2025-06-24 12:35:37","2025-06-24 14:02:18"
0000018642,00027,NULL,1,0,"2025-06-24 12:21:52","2025-06-24 13:35:10"
0000018641,00031,NULL,1,0,"2025-06-24 12:20:27","2025-06-24 13:30:38"
0000018640,00030,NULL,1,0,"2025-06-24 12:17:02","2025-06-24 14:07:29"
0000018639,00029,NULL,1,0,"2025-06-24 12:02:37","2025-06-24 13:22:15"
0000018638,00028,NULL,1,0,"2025-06-24 11:38:22","2025-06-24 12:44:20"
0000018637,00024,NULL,1,0,"2025-06-24 11:34:10","2025-06-24 13:16:49"
0000018636,00023,NULL,1,0,"2025-06-24 11:33:31","2025-06-24 12:54:31"
0000018635,00020,NULL,1,0,"2025-06-24 11:33:05","2025-06-24 12:41:30"
0000018634,00022,NULL,1,0,"2025-06-24 11:14:21","2025-06-24 12:29:22"
0000018633,00021,NULL,1,0,"2025-06-24 11:07:29","2025-06-24 12:30:10"
0000018632,00023,NULL,1,0,"2025-06-23 19:32:09","2025-06-23 20:25:52"
0000018631,00028,NULL,1,0,"2025-06-23 19:17:17","2025-06-23 20:28:37"
0000018630,00024,NULL,1,0,"2025-06-23 19:11:11","2025-06-23 20:17:20"
0000018629,00022,NULL,1,0,"2025-06-23 19:02:14","2025-06-23 20:16:49"
0000018628,00020,NULL,1,0,"2025-06-23 18:55:34","2025-06-23 19:37:37"
0000018627,00034,NULL,1,0,"2025-06-23 18:45:03","2025-06-23 20:24:56"
0000018626,00035,NULL,1,0,"2025-06-23 18:43:33","2025-06-23 20:05:00"
0000018625,00021,NULL,1,0,"2025-06-23 18:28:16","2025-06-23 19:46:48"
0000018624,00033,NULL,1,0,"2025-06-23 18:23:13","2025-06-23 20:02:08"
0000018623,00023,NULL,1,0,"2025-06-23 18:15:45","2025-06-23 19:19:03"
0000018622,00031,NULL,1,0,"2025-06-23 18:08:16","2025-06-23 19:36:49"
0000018621,00029,NULL,1,0,"2025-06-23 18:08:04","2025-06-23 19:49:17"
0000018620,00026,NULL,1,0,"2025-06-23 18:07:50","2025-06-23 19:36:18"
0000018619,00019,NULL,1,0,"2025-06-23 18:07:28","2025-06-23 19:44:27"
0000018618,00030,NULL,1,0,"2025-06-23 18:03:09","2025-06-23 20:05:47"
0000018617,00028,NULL,1,0,"2025-06-23 17:51:32","2025-06-23 18:53:51"
0000018616,00020,NULL,1,0,"2025-06-23 17:45:20","2025-06-23 18:51:24"
0000018615,00032,NULL,1,0,"2025-06-23 17:41:13","2025-06-23 19:14:34"
0000018614,00024,NULL,1,0,"2025-06-23 17:36:41","2025-06-23 19:04:21"
0000018613,00022,NULL,1,0,"2025-06-23 17:27:25","2025-06-23 18:52:49"
0000018612,00023,NULL,1,0,"2025-06-23 17:17:51","2025-06-23 18:11:36"
0000018611,00021,NULL,1,0,"2025-06-23 17:16:26","2025-06-23 18:24:40"
0000018610,00036,NULL,0,0,"2025-06-23 16:12:37","2025-06-23 16:19:07"
0000018607,00022,NULL,1,0,"2025-06-23 15:29:48","2025-06-23 16:23:51"
0000018606,00021,NULL,1,0,"2025-06-23 15:02:05","2025-06-23 16:06:08"
0000018605,00020,NULL,1,0,"2025-06-23 14:55:21","2025-06-23 16:04:15"
0000018604,00024,NULL,1,0,"2025-06-23 14:25:41","2025-06-23 15:35:30"
0000018603,00023,NULL,1,0,"2025-06-23 14:13:03","2025-06-23 15:38:24"
0000018602,00031,NULL,1,0,"2025-06-23 13:55:43","2025-06-23 15:09:34"
0000018601,00030,NULL,1,0,"2025-06-23 13:49:41","2025-06-23 15:01:21"
0000018600,00029,NULL,1,0,"2025-06-23 13:48:06","2025-06-23 14:42:16"
0000018599,00028,NULL,1,0,"2025-06-23 13:33:33","2025-06-23 14:28:10"
0000018598,00024,NULL,1,0,"2025-06-23 13:02:25","2025-06-23 13:56:13"
0000018597,00021,NULL,1,0,"2025-06-23 12:51:04","2025-06-23 14:08:08"
0000018596,00026,NULL,1,0,"2025-06-23 12:43:48","2025-06-23 13:43:34"
0000018595,00022,NULL,1,0,"2025-06-23 12:31:44","2025-06-23 14:30:46"
0000018594,00020,NULL,1,0,"2025-06-23 12:23:55","2025-06-23 13:46:06"
0000018593,00023,NULL,1,0,"2025-06-23 12:08:56","2025-06-23 13:41:19"
0000018592,00029,NULL,1,0,"2025-06-23 11:57:24","2025-06-23 12:30:07"
0000018591,00027,NULL,1,0,"2025-06-23 11:32:28","2025-06-23 12:34:57"
0000018590,00021,NULL,1,0,"2025-06-23 11:32:17","2025-06-23 12:26:02"
0000018589,00022,NULL,1,0,"2025-06-23 11:08:28","2025-06-23 12:18:45"
0000018588,00020,NULL,1,0,"2025-06-23 10:26:04","2025-06-23 12:06:35"
0000018587,00022,NULL,1,1,"2025-06-22 19:19:07","2025-06-22 20:21:51"
0000018586,00033,NULL,1,0,"2025-06-22 19:12:06","2025-06-22 20:22:57"
0000018585,00028,NULL,1,0,"2025-06-22 19:03:49","2025-06-22 20:01:29"
0000018584,00021,NULL,1,0,"2025-06-22 19:01:18","2025-06-22 20:17:10"
0000018583,00020,NULL,1,0,"2025-06-22 18:59:27","2025-06-22 20:00:52"
0000018582,00026,NULL,1,0,"2025-06-22 18:56:56","2025-06-22 20:15:40"
0000018581,00019,NULL,1,0,"2025-06-22 18:56:23","2025-06-22 20:28:26"
0000018580,00034,NULL,1,0,"2025-06-22 18:44:57","2025-06-22 20:04:15"
0000018579,00023,NULL,1,0,"2025-06-22 18:36:33","2025-06-22 19:46:16"
0000018578,00024,NULL,1,0,"2025-06-22 18:34:39","2025-06-22 19:51:42"
0000018577,00032,NULL,1,0,"2025-06-22 18:22:52","2025-06-22 19:17:14"
0000018576,00029,NULL,1,0,"2025-06-22 18:15:08","2025-06-22 19:45:47"
0000018575,00035,NULL,1,0,"2025-06-22 17:53:35","2025-06-22 19:07:46"
0000018574,00022,NULL,1,0,"2025-06-22 17:50:45","2025-06-22 19:02:40"
0000018573,00027,NULL,1,1,"2025-06-22 17:49:04","2025-06-22 18:51:07"
0000018572,00026,NULL,1,0,"2025-06-22 17:47:38","2025-06-22 18:42:33"
0000018571,00021,NULL,1,0,"2025-06-22 17:45:44","2025-06-22 18:55:38"
0000018570,00030,NULL,1,0,"2025-06-22 17:40:38","2025-06-22 19:15:23"
0000018569,00033,NULL,1,0,"2025-06-22 17:39:06","2025-06-22 18:53:00"
0000018568,00028,NULL,1,0,"2025-06-22 17:32:56","2025-06-22 18:47:23"
0000018567,00019,NULL,1,0,"2025-06-22 17:28:05","2025-06-22 18:43:38"
0000018566,00024,NULL,1,0,"2025-06-22 17:26:36","2025-06-22 18:35:30"
0000018565,00023,NULL,1,0,"2025-06-22 17:18:47","2025-06-22 18:20:47"
0000018564,00020,NULL,1,0,"2025-06-22 16:57:57","2025-06-22 18:39:53"
0000018563,00032,NULL,1,0,"2025-06-22 16:52:43","2025-06-22 18:15:36"
0000018562,00029,NULL,1,0,"2025-06-22 16:34:54","2025-06-22 17:51:18"
0000018561,00022,NULL,1,0,"2025-06-22 16:34:06","2025-06-22 17:44:11"
0000018560,00021,NULL,1,0,"2025-06-22 16:09:27","2025-06-22 17:39:41"
0000018559,00030,NULL,1,0,"2025-06-22 15:52:08","2025-06-22 16:54:34"
0000018558,00028,NULL,1,0,"2025-06-22 15:48:08","2025-06-22 16:43:58"
0000018557,00024,NULL,1,0,"2025-06-22 15:45:13","2025-06-22 17:26:31"
0000018556,00023,NULL,1,0,"2025-06-22 15:21:26","2025-06-22 16:38:57"
0000018555,00027,NULL,1,0,"2025-06-22 15:20:13","2025-06-22 16:23:55"
0000018554,00029,NULL,1,0,"2025-06-22 14:50:22","2025-06-22 15:58:56"
0000018553,00033,NULL,1,0,"2025-06-22 14:46:48","2025-06-22 16:12:38"
0000018552,00026,NULL,1,0,"2025-06-22 14:40:33","2025-06-22 16:07:33"
0000018551,00028,NULL,1,0,"2025-06-22 14:37:34","2025-06-22 15:44:07"
0000018550,00020,NULL,1,0,"2025-06-22 14:33:24","2025-06-22 16:13:27"
0000018549,00021,NULL,1,0,"2025-06-22 14:31:19","2025-06-22 15:50:17"
0000018548,00022,NULL,1,0,"2025-06-22 14:30:46","2025-06-22 15:57:32"
0000018547,00031,NULL,1,0,"2025-06-22 14:00:51","2025-06-22 15:18:00"
0000018546,00030,NULL,1,0,"2025-06-22 13:51:38","2025-06-22 15:03:53"
0000018545,00023,NULL,1,0,"2025-06-22 13:46:38","2025-06-22 15:08:18"
0000018544,00024,NULL,1,0,"2025-06-22 13:38:19","2025-06-22 14:45:08"
0000018543,00019,NULL,1,0,"2025-06-22 13:22:50","2025-06-22 14:53:21"
0000018542,00028,NULL,1,0,"2025-06-22 13:17:27","2025-06-22 14:26:19"
0000018541,00029,NULL,1,0,"2025-06-22 13:10:26","2025-06-22 14:13:09"
0000018540,00022,NULL,1,0,"2025-06-22 13:00:40","2025-06-22 13:58:20"
0000018539,00020,NULL,1,0,"2025-06-22 12:59:25","2025-06-22 13:55:09"
0000018538,00021,NULL,1,0,"2025-06-22 12:51:48","2025-06-22 14:17:12"
0000018537,00035,NULL,1,0,"2025-06-22 12:32:34","2025-06-22 13:33:49"
0000018536,00034,NULL,1,0,"2025-06-22 12:24:30","2025-06-22 14:05:21"
0000018535,00023,NULL,1,0,"2025-06-22 12:21:39","2025-06-22 13:32:49"
0000018534,00026,NULL,1,0,"2025-06-22 12:19:24","2025-06-22 13:26:28"
0000018533,00024,NULL,1,0,"2025-06-22 12:13:34","2025-06-22 13:21:58"
0000018532,00020,NULL,1,0,"2025-06-22 12:02:51","2025-06-22 12:57:13"
0000018531,00027,NULL,1,0,"2025-06-22 12:02:40","2025-06-22 13:13:07"
0000018530,00033,NULL,1,0,"2025-06-22 11:51:54","2025-06-22 13:15:52"
0000018529,00030,NULL,1,0,"2025-06-22 11:51:45","2025-06-22 13:06:13"
0000018528,00031,NULL,1,0,"2025-06-22 11:48:39","2025-06-22 13:03:39"
0000018527,00029,NULL,1,0,"2025-06-22 11:42:46","2025-06-22 13:05:15"
0000018526,00028,NULL,1,0,"2025-06-22 11:40:26","2025-06-22 13:12:32"
0000018525,00022,NULL,1,0,"2025-06-22 11:39:30","2025-06-22 12:45:01"
0000018524,00021,NULL,1,0,"2025-06-22 11:39:14","2025-06-22 12:46:34"
0000018523,00019,NULL,1,0,"2025-06-22 11:30:05","2025-06-22 12:58:04"
0000018522,00024,NULL,1,0,"2025-06-22 11:03:42","2025-06-22 11:59:06"
0000018521,00023,NULL,1,0,"2025-06-22 11:03:32","2025-06-22 12:19:11"
0000018520,00032,NULL,1,0,"2025-06-22 11:01:24","2025-06-22 12:33:19"
0000018519,00020,NULL,1,0,"2025-06-22 10:46:11","2025-06-22 11:58:17"
0000018518,00021,NULL,1,0,"2025-06-22 10:34:18","2025-06-22 11:34:14"
0000018517,00022,NULL,1,0,"2025-06-22 10:34:05","2025-06-22 11:32:01"
0000018516,00030,NULL,1,0,"2025-06-21 19:32:09","2025-06-21 20:24:41"
0000018515,00021,NULL,1,0,"2025-06-21 19:23:05","2025-06-21 20:24:04"
0000018514,00031,NULL,1,0,"2025-06-21 19:12:01","2025-06-21 20:14:45"
0000018513,00023,NULL,1,0,"2025-06-21 19:00:04","2025-06-21 20:10:01"
0000018512,00034,NULL,1,0,"2025-06-21 18:52:19","2025-06-21 20:16:05"
0000018511,00024,NULL,1,0,"2025-06-21 18:47:41","2025-06-21 20:00:28"
0000018510,00033,NULL,1,0,"2025-06-21 18:43:26","2025-06-21 20:06:16"
0000018509,00029,NULL,1,0,"2025-06-21 18:32:32","2025-06-21 19:35:59"
0000018508,00022,NULL,1,0,"2025-06-21 18:31:22","2025-06-21 20:04:53"
0000018507,00020,NULL,1,0,"2025-06-21 18:24:11","2025-06-21 19:57:01"
0000018506,00021,NULL,1,0,"2025-06-21 18:17:02","2025-06-21 19:14:12"
0000018505,00030,NULL,1,0,"2025-06-21 18:07:04","2025-06-21 19:09:48"
0000018504,00026,NULL,1,0,"2025-06-21 18:05:35","2025-06-21 19:30:26"
0000018503,00019,NULL,1,0,"2025-06-21 18:02:43","2025-06-21 19:53:20"
0000018502,00023,NULL,1,0,"2025-06-21 17:52:01","2025-06-21 18:50:24"
0000018501,00028,NULL,1,0,"2025-06-21 17:51:46","2025-06-21 19:47:35"
0000018500,00029,NULL,1,0,"2025-06-21 17:44:14","2025-06-21 18:25:06"
0000018499,00027,NULL,1,0,"2025-06-21 17:39:49","2025-06-21 19:24:20"
0000018498,00024,NULL,1,0,"2025-06-21 17:36:19","2025-06-21 18:45:05"
0000018497,00031,NULL,1,0,"2025-06-21 17:25:31","2025-06-21 18:55:19"
0000018496,00021,NULL,1,0,"2025-06-21 17:15:53","2025-06-21 18:15:19"
0000018495,00032,NULL,1,0,"2025-06-21 17:03:36","2025-06-21 18:30:36"
0000018494,00019,NULL,1,0,"2025-06-21 16:47:51","2025-06-21 18:00:04"
0000018493,00022,NULL,1,0,"2025-06-21 16:44:03","2025-06-21 18:23:44"
0000018492,00024,NULL,1,0,"2025-06-21 16:43:06","2025-06-21 17:28:56"
0000018491,00020,NULL,1,0,"2025-06-21 16:42:25","2025-06-21 18:17:55"
0000018490,00030,NULL,1,0,"2025-06-21 16:42:13","2025-06-21 17:42:37"
0000018489,00028,NULL,1,0,"2025-06-21 16:34:16","2025-06-21 17:35:49"
0000018488,00023,NULL,1,0,"2025-06-21 16:24:47","2025-06-21 17:42:07"
0000018487,00021,NULL,1,0,"2025-06-21 16:18:55","2025-06-21 17:07:38"
0000018486,00026,NULL,1,0,"2025-06-21 16:14:08","2025-06-21 17:53:22"
0000018485,00034,NULL,1,0,"2025-06-21 15:42:35","2025-06-21 16:40:44"
0000018484,00030,NULL,1,0,"2025-06-21 15:31:49","2025-06-21 16:16:30"
0000018483,00032,NULL,1,0,"2025-06-21 15:12:39","2025-06-21 16:38:41"
0000018482,00029,NULL,1,0,"2025-06-21 15:05:55","2025-06-21 16:39:55"
0000018481,00024,NULL,1,0,"2025-06-21 15:04:53","2025-06-21 15:46:28"
0000018480,00020,NULL,1,0,"2025-06-21 15:01:52","2025-06-21 16:20:24"
0000018479,00028,NULL,1,0,"2025-06-21 14:49:58","2025-06-21 16:14:48"
0000018478,00022,NULL,1,0,"2025-06-21 14:45:59","2025-06-21 16:31:28"
0000018477,00023,NULL,1,0,"2025-06-21 14:30:32","2025-06-21 15:50:13"
0000018476,00021,NULL,1,0,"2025-06-21 14:06:57","2025-06-21 15:36:33"
0000018475,00034,NULL,1,0,"2025-06-21 13:28:13","2025-06-21 15:09:17"
0000018474,00032,NULL,1,0,"2025-06-21 13:21:12","2025-06-21 14:15:37"
0000018473,00029,NULL,1,0,"2025-06-21 13:17:06","2025-06-21 14:00:08"
0000018472,00031,NULL,1,0,"2025-06-21 13:14:30","2025-06-21 14:33:27"
0000018471,00030,NULL,1,0,"2025-06-21 13:11:18","2025-06-21 14:20:44"
0000018470,00035,NULL,1,0,"2025-06-21 13:04:01","2025-06-21 14:48:57"
0000018469,00022,NULL,1,0,"2025-06-21 13:03:15","2025-06-21 14:13:41"
0000018468,00024,NULL,1,0,"2025-06-21 13:00:24","2025-06-21 14:28:46"
0000018467,00023,NULL,1,0,"2025-06-21 12:54:16","2025-06-21 14:09:27"
0000018466,00026,NULL,1,0,"2025-06-21 12:53:54","2025-06-21 14:38:14"
0000018465,00020,NULL,1,0,"2025-06-21 12:43:24","2025-06-21 14:18:53"
0000018464,00019,NULL,1,0,"2025-06-21 12:35:53","2025-06-21 14:12:50"
0000018463,00027,NULL,1,0,"2025-06-21 12:32:19","2025-06-21 14:04:06"
0000018462,00028,NULL,1,0,"2025-06-21 12:23:54","2025-06-21 14:02:15"
0000018461,00021,NULL,1,0,"2025-06-21 12:18:25","2025-06-21 13:49:09"
0000018460,00034,NULL,1,0,"2025-06-21 12:18:05","2025-06-21 13:19:04"
0000018459,00035,NULL,1,0,"2025-06-21 12:17:47","2025-06-21 13:01:13"
0000018458,00031,NULL,1,0,"2025-06-21 12:16:54","2025-06-21 12:50:27"
0000018457,00030,NULL,1,0,"2025-06-21 12:15:34","2025-06-21 12:49:22"
0000018456,00032,NULL,1,0,"2025-06-21 12:14:41","2025-06-21 12:58:38"
0000018455,00033,NULL,1,0,"2025-06-21 12:03:46","2025-06-21 13:30:10"
0000018454,00028,NULL,1,0,"2025-06-21 11:37:26","2025-06-21 12:13:05"
0000018453,00024,NULL,1,0,"2025-06-21 11:37:06","2025-06-21 12:47:22"
0000018452,00023,NULL,1,0,"2025-06-21 11:36:55","2025-06-21 12:42:45"
0000018451,00022,NULL,1,1,"2025-06-21 11:36:32","2025-06-21 12:08:17"
0000018450,00021,NULL,1,0,"2025-06-21 11:35:56","2025-06-21 12:07:25"
0000018449,00019,NULL,1,0,"2025-06-21 11:35:05","2025-06-21 12:14:12"
0000018448,00020,NULL,1,0,"2025-06-21 11:32:01","2025-06-21 12:30:16"
0000018447,00029,NULL,1,0,"2025-06-20 19:42:04","2025-06-20 20:44:55"
0000018446,00023,NULL,1,0,"2025-06-20 19:34:55","2025-06-20 20:37:41"
0000018445,00032,NULL,1,0,"2025-06-20 19:32:52","2025-06-20 20:45:08"
0000018444,00026,NULL,1,0,"2025-06-20 19:32:35","2025-06-20 20:38:14"
0000018443,00031,NULL,1,0,"2025-06-20 19:17:19","2025-06-20 20:36:15"
0000018442,00024,NULL,1,0,"2025-06-20 19:13:22","2025-06-20 19:56:25"
0000018441,00034,NULL,1,0,"2025-06-20 19:07:19","2025-06-20 20:33:24"
0000018440,00027,NULL,1,0,"2025-06-20 19:06:19","2025-06-20 20:16:09"
0000018439,00020,NULL,1,0,"2025-06-20 19:01:46","2025-06-20 19:49:25"
0000018438,00030,NULL,1,0,"2025-06-20 18:43:37","2025-06-20 20:12:21"
0000018437,00032,NULL,1,0,"2025-06-20 18:37:06","2025-06-20 19:25:40"
0000018436,00021,NULL,1,0,"2025-06-20 18:28:03","2025-06-20 20:14:55"
0000018435,00019,NULL,1,0,"2025-06-20 18:26:34","2025-06-20 19:50:24"
0000018434,00028,NULL,1,0,"2025-06-20 18:17:00","2025-06-20 19:46:46"
0000018433,00022,NULL,1,0,"2025-06-20 18:15:59","2025-06-20 19:40:16"
0000018432,00034,NULL,1,0,"2025-06-20 18:13:05","2025-06-20 19:02:59"
0000018431,00035,NULL,1,0,"2025-06-20 18:12:54","2025-06-20 19:24:43"
0000018430,00026,NULL,1,0,"2025-06-20 17:57:04","2025-06-20 19:12:06"
0000018429,00023,NULL,1,0,"2025-06-20 17:56:53","2025-06-20 19:23:11"
0000018428,00031,NULL,1,0,"2025-06-20 17:52:53","2025-06-20 19:12:41"
0000018427,00030,NULL,1,0,"2025-06-20 17:50:39","2025-06-20 18:34:45"
0000018426,00029,NULL,1,0,"2025-06-20 17:46:17","2025-06-20 19:30:51"
0000018425,00033,NULL,1,0,"2025-06-20 17:45:25","2025-06-20 19:27:25"
0000018424,00024,NULL,1,0,"2025-06-20 17:35:20","2025-06-20 19:10:41"
0000018423,00020,NULL,1,0,"2025-06-20 17:25:03","2025-06-20 18:59:14"
0000018422,00027,NULL,1,0,"2025-06-20 17:08:20","2025-06-20 18:06:51"
0000018421,00022,NULL,1,0,"2025-06-20 17:08:10","2025-06-20 18:11:24"
0000018420,00021,NULL,1,0,"2025-06-20 17:02:15","2025-06-20 18:17:51"
0000018419,00032,NULL,1,0,"2025-06-20 16:59:05","2025-06-20 18:22:46"
0000018418,00023,NULL,1,0,"2025-06-20 16:50:10","2025-06-20 17:53:37"
0000018417,00028,NULL,1,0,"2025-06-20 16:36:39","2025-06-20 18:36:10"
0000018416,00021,NULL,1,0,"2025-06-20 15:07:56","2025-06-20 16:29:00"
0000018415,00030,NULL,1,0,"2025-06-20 15:03:28","2025-06-20 16:12:51"
0000018414,00023,NULL,1,0,"2025-06-20 14:53:12","2025-06-20 16:13:46"
0000018413,00029,NULL,1,0,"2025-06-20 14:32:08","2025-06-20 15:50:28"
0000018412,00027,NULL,1,0,"2025-06-20 14:29:16","2025-06-20 16:05:54"
0000018411,00033,NULL,1,0,"2025-06-20 14:23:47","2025-06-20 15:58:07"
0000018410,00028,NULL,1,0,"2025-06-20 14:18:41","2025-06-20 15:19:51"
0000018409,00020,NULL,1,0,"2025-06-20 14:11:30","2025-06-20 15:27:18"
0000018408,00024,NULL,1,0,"2025-06-20 14:10:04","2025-06-20 15:34:14"
0000018407,00023,NULL,1,0,"2025-06-20 13:56:18","2025-06-20 14:46:11"
0000018406,00021,NULL,1,0,"2025-06-20 13:39:50","2025-06-20 14:50:58"
0000018405,00022,NULL,1,0,"2025-06-20 13:15:32","2025-06-20 15:53:39"
0000018404,00026,NULL,1,0,"2025-06-20 12:59:58","2025-06-20 14:12:47"
0000018403,00030,NULL,1,0,"2025-06-20 12:59:40","2025-06-20 14:50:09"
0000018402,00034,NULL,1,0,"2025-06-20 12:53:16","2025-06-20 14:00:25"
0000018401,00035,NULL,1,0,"2025-06-20 12:51:24","2025-06-20 14:37:25"
0000018400,00031,NULL,1,0,"2025-06-20 12:35:16","2025-06-20 14:28:19"
0000018399,00027,NULL,1,0,"2025-06-20 12:34:00","2025-06-20 14:05:15"
0000018398,00032,NULL,1,0,"2025-06-20 12:24:42","2025-06-20 13:42:39"
0000018397,00033,NULL,1,0,"2025-06-20 12:14:51","2025-06-20 13:24:38"
0000018396,00023,NULL,1,0,"2025-06-20 12:12:15","2025-06-20 13:17:20"
0000018395,00019,NULL,1,0,"2025-06-20 12:05:02","2025-06-20 13:18:58"
0000018394,00024,NULL,1,0,"2025-06-20 12:03:04","2025-06-20 13:12:01"
0000018393,00022,NULL,1,0,"2025-06-20 12:02:46","2025-06-20 13:06:48"
0000018392,00020,NULL,1,0,"2025-06-20 11:49:47","2025-06-20 12:56:44"
0000018391,00028,NULL,1,0,"2025-06-20 11:35:57","2025-06-20 13:10:50"
0000018390,00021,NULL,1,0,"2025-06-20 11:32:38","2025-06-20 13:32:17"
0000018389,00027,NULL,1,0,"2025-06-19 19:49:32","2025-06-19 20:44:36"
0000018388,00024,NULL,1,0,"2025-06-19 19:43:38","2025-06-19 20:38:31"
0000018387,00019,NULL,1,0,"2025-06-19 19:28:09","2025-06-19 20:32:15"
0000018386,00029,NULL,1,0,"2025-06-19 19:20:13","2025-06-19 20:02:45"
0000018385,00031,NULL,1,0,"2025-06-19 19:14:01","2025-06-19 20:51:43"
0000018384,00020,NULL,1,0,"2025-06-19 19:09:35","2025-06-19 20:23:23"
0000018383,00028,NULL,1,0,"2025-06-19 18:50:47","2025-06-19 20:08:55"
0000018382,00035,NULL,1,0,"2025-06-19 18:47:24","2025-06-19 20:11:37"
0000018381,00021,NULL,1,0,"2025-06-19 18:46:01","2025-06-19 20:29:28"
0000018380,00032,NULL,1,0,"2025-06-19 18:38:26","2025-06-19 20:08:08"
0000018379,00027,NULL,1,0,"2025-06-19 18:32:24","2025-06-19 19:35:19"
0000018378,00026,NULL,1,0,"2025-06-19 18:32:11","2025-06-19 19:45:01"
0000018377,00034,NULL,1,0,"2025-06-19 18:29:03","2025-06-19 20:17:48"
0000018376,00030,NULL,1,0,"2025-06-19 18:26:42","2025-06-19 20:16:04"
0000018375,00023,NULL,1,0,"2025-06-19 18:25:17","2025-06-19 19:53:21"
0000018374,00022,NULL,1,0,"2025-06-19 18:24:07","2025-06-19 19:40:42"
0000018373,00031,NULL,1,0,"2025-06-19 18:00:39","2025-06-19 19:09:58"
0000018372,00029,NULL,1,0,"2025-06-19 17:58:50","2025-06-19 19:18:55"
0000018371,00024,NULL,1,0,"2025-06-19 17:47:41","2025-06-19 19:39:56"
0000018370,00019,NULL,1,0,"2025-06-19 17:36:41","2025-06-19 19:23:00"
0000018369,00032,NULL,1,0,"2025-06-19 17:24:50","2025-06-19 18:36:49"
0000018368,00028,NULL,1,0,"2025-06-19 17:24:39","2025-06-19 18:30:59"
0000018367,00020,NULL,1,0,"2025-06-19 17:14:47","2025-06-19 18:54:42"
0000018366,00023,NULL,1,0,"2025-06-19 17:14:38","2025-06-19 18:19:35"
0000018365,00030,NULL,1,0,"2025-06-19 16:58:45","2025-06-19 18:06:43"
0000018364,00021,NULL,1,0,"2025-06-19 16:53:25","2025-06-19 18:29:31"
0000018363,00022,NULL,1,0,"2025-06-19 16:36:57","2025-06-19 18:05:50"
0000018362,00024,NULL,1,0,"2025-06-19 16:31:15","2025-06-19 17:26:25"
0000018361,00023,NULL,1,0,"2025-06-19 16:11:10","2025-06-19 17:07:42"
0000018360,00020,NULL,1,0,"2025-06-19 15:26:59","2025-06-19 16:31:02"
0000018359,00023,NULL,1,0,"2025-06-19 15:01:42","2025-06-19 16:06:01"
0000018358,00022,NULL,1,0,"2025-06-19 14:58:41","2025-06-19 16:18:25"
0000018357,00021,NULL,1,0,"2025-06-19 14:43:12","2025-06-19 15:40:59"
0000018356,00032,NULL,1,0,"2025-06-19 14:24:01","2025-06-19 15:33:03"
0000018355,00020,NULL,1,0,"2025-06-19 13:21:32","2025-06-19 14:16:57"
0000018354,00028,NULL,1,0,"2025-06-19 13:19:41","2025-06-19 14:57:32"
0000018353,00024,NULL,1,0,"2025-06-19 13:17:00","2025-06-19 15:09:56"
0000018352,00019,NULL,1,0,"2025-06-19 13:15:06","2025-06-19 14:47:54"
0000018351,00023,NULL,1,0,"2025-06-19 13:12:24","2025-06-19 14:32:09"
0000018350,00021,NULL,1,0,"2025-06-19 13:11:28","2025-06-19 14:20:35"
0000018349,00035,NULL,1,0,"2025-06-19 12:44:58","2025-06-19 14:01:03"
0000018348,00034,NULL,1,0,"2025-06-19 12:28:42","2025-06-19 14:26:19"
0000018347,00032,NULL,1,0,"2025-06-19 12:27:28","2025-06-19 13:14:31"
0000018346,00029,NULL,1,0,"2025-06-19 12:25:11","2025-06-19 14:10:54"
0000018345,00022,NULL,1,0,"2025-06-19 12:24:09","2025-06-19 13:44:37"
0000018344,00033,NULL,1,0,"2025-06-19 12:07:42","2025-06-19 12:51:35"
0000018343,00026,NULL,1,0,"2025-06-19 11:59:46","2025-06-19 13:09:47"
0000018342,00031,NULL,1,0,"2025-06-19 11:55:26","2025-06-19 12:54:19"
0000018341,00019,NULL,1,0,"2025-06-19 11:54:19","2025-06-19 13:10:35"
0000018340,00028,NULL,1,0,"2025-06-19 11:50:34","2025-06-19 13:00:50"
0000018339,00020,NULL,1,0,"2025-06-19 11:48:25","2025-06-19 13:11:11"
0000018338,00023,NULL,1,0,"2025-06-19 11:46:00","2025-06-19 12:52:45"
0000018337,00021,NULL,1,0,"2025-06-19 11:32:14","2025-06-19 13:03:10"
0000018336,00024,NULL,1,0,"2025-06-19 11:29:13","2025-06-19 13:03:45"
0000018335,00022,NULL,1,0,"2025-06-19 11:03:38","2025-06-19 12:03:51"
0000018334,00029,NULL,1,0,"2025-06-18 19:25:22","2025-06-18 20:24:44"
0000018333,00031,NULL,1,0,"2025-06-18 19:18:21","2025-06-18 20:05:44"
0000018332,00030,NULL,1,0,"2025-06-18 19:14:11","2025-06-18 20:25:36"
0000018331,00034,NULL,1,0,"2025-06-18 19:07:56","2025-06-18 20:31:05"
0000018330,00035,NULL,1,0,"2025-06-18 19:02:18","2025-06-18 20:20:48"
0000018329,00020,NULL,1,0,"2025-06-18 18:59:52","2025-06-18 20:14:16"
0000018328,00024,NULL,1,0,"2025-06-18 18:49:30","2025-06-18 19:45:38"
0000018327,00019,NULL,1,0,"2025-06-18 18:42:02","2025-06-18 20:03:57"
0000018326,00023,NULL,1,0,"2025-06-18 18:38:30","2025-06-18 19:44:00"
0000018325,00026,NULL,1,0,"2025-06-18 18:38:11","2025-06-18 20:22:02"
0000018324,00022,NULL,1,0,"2025-06-18 18:22:59","2025-06-18 19:31:03"
0000018323,00027,NULL,1,0,"2025-06-18 18:18:02","2025-06-18 19:44:58"
0000018322,00033,NULL,1,0,"2025-06-18 17:59:12","2025-06-18 19:26:42"
0000018321,00021,NULL,1,0,"2025-06-18 17:57:01","2025-06-18 19:49:51"
0000018320,00030,NULL,1,0,"2025-06-18 17:45:40","2025-06-18 19:09:50"
0000018319,00032,NULL,1,0,"2025-06-18 17:38:14","2025-06-18 19:21:18"
0000018318,00020,NULL,1,0,"2025-06-18 17:32:44","2025-06-18 18:55:22"
0000018317,00028,NULL,1,0,"2025-06-18 17:31:42","2025-06-18 19:16:29"
0000018316,00024,NULL,1,0,"2025-06-18 17:26:54","2025-06-18 18:34:39"
0000018315,00023,NULL,1,0,"2025-06-18 17:08:13","2025-06-18 18:01:28"
0000018314,00022,NULL,1,0,"2025-06-18 16:53:52","2025-06-18 18:03:29"
0000018313,00021,NULL,1,0,"2025-06-18 16:44:52","2025-06-18 17:33:34"
0000018312,00020,NULL,1,0,"2025-06-18 15:47:31","2025-06-18 17:15:34"
0000018311,00024,NULL,1,0,"2025-06-18 15:26:40","2025-06-18 17:06:54"
0000018310,00022,NULL,1,0,"2025-06-18 15:21:50","2025-06-18 16:09:06"
0000018309,00023,NULL,1,0,"2025-06-18 15:21:24","2025-06-18 16:06:39"
0000018308,00020,NULL,1,0,"2025-06-18 14:55:33","2025-06-18 15:39:54"
0000018307,00029,NULL,1,0,"2025-06-18 14:49:02","2025-06-18 16:10:05"
0000018306,00021,NULL,1,0,"2025-06-18 14:29:26","2025-06-18 15:50:41"
0000018305,00023,NULL,1,0,"2025-06-18 14:07:12","2025-06-18 14:56:03"
0000018304,00024,NULL,1,0,"2025-06-18 13:53:12","2025-06-18 15:19:26"
0000018303,00022,NULL,1,0,"2025-06-18 13:43:56","2025-06-18 14:58:13"
0000018302,00021,NULL,1,0,"2025-06-18 13:04:06","2025-06-18 13:58:04"
0000018301,00035,NULL,1,0,"2025-06-18 12:41:45","2025-06-18 13:58:20"
0000018300,00031,NULL,1,0,"2025-06-18 12:39:39","2025-06-18 14:25:03"
0000018299,00023,NULL,1,0,"2025-06-18 12:38:34","2025-06-18 13:52:25"
0000018298,00026,NULL,1,0,"2025-06-18 12:32:49","2025-06-18 14:15:34"
0000018297,00028,NULL,1,0,"2025-06-18 12:08:20","2025-06-18 13:37:26"
0000018296,00029,NULL,1,0,"2025-06-18 12:07:52","2025-06-18 13:19:12"
0000018295,00020,NULL,1,0,"2025-06-18 12:04:49","2025-06-18 13:17:43"
0000018294,00030,NULL,1,0,"2025-06-18 11:48:45","2025-06-18 12:55:13"
0000018293,00024,NULL,1,0,"2025-06-18 11:43:37","2025-06-18 12:59:34"
0000018292,00022,NULL,1,0,"2025-06-18 11:41:02","2025-06-18 12:49:43"
0000018291,00032,NULL,1,0,"2025-06-18 11:30:33","2025-06-18 12:43:23"
0000018290,00023,NULL,1,0,"2025-06-18 11:23:37","2025-06-18 12:14:53"
0000018289,00021,NULL,1,0,"2025-06-18 11:19:32","2025-06-18 12:43:58"
0000018288,00020,NULL,1,0,"2025-06-17 20:04:24","2025-06-17 20:56:47"
0000018287,00021,NULL,1,0,"2025-06-17 20:01:05","2025-06-17 20:57:39"
0000018286,00023,NULL,1,0,"2025-06-17 19:35:01","2025-06-17 20:34:54"
0000018285,00022,NULL,1,0,"2025-06-17 19:31:09","2025-06-17 20:57:58"
0000018284,00029,NULL,1,0,"2025-06-17 19:11:16","2025-06-17 20:27:34"
0000018283,00028,NULL,1,0,"2025-06-17 19:07:00","2025-06-17 20:37:01"
0000018282,00026,NULL,1,0,"2025-06-17 19:05:22","2025-06-17 20:25:42"
0000018281,00024,NULL,1,0,"2025-06-17 19:03:10","2025-06-17 20:25:15"
0000018280,00033,NULL,1,0,"2025-06-17 19:02:14","2025-06-17 19:59:45"
0000018279,00032,NULL,1,0,"2025-06-17 18:55:25","2025-06-17 20:20:16"
0000018278,00030,NULL,1,0,"2025-06-17 18:53:22","2025-06-17 20:08:40"
0000018277,00027,NULL,1,0,"2025-06-17 18:42:22","2025-06-17 19:54:56"
0000018276,00031,NULL,1,0,"2025-06-17 18:38:50","2025-06-17 19:50:16"
0000018275,00019,NULL,1,0,"2025-06-17 18:34:52","2025-06-17 20:51:15"
0000018274,00022,NULL,1,0,"2025-06-17 18:17:44","2025-06-17 19:27:29"
0000018273,00021,NULL,1,0,"2025-06-17 18:14:29","2025-06-17 19:39:28"
0000018272,00023,NULL,1,0,"2025-06-17 18:11:29","2025-06-17 19:30:13"
0000018271,00034,NULL,1,0,"2025-06-17 18:04:06","2025-06-17 19:28:35"
0000018270,00020,NULL,1,0,"2025-06-17 18:02:58","2025-06-17 19:24:54"
0000018269,00035,NULL,1,0,"2025-06-17 17:53:59","2025-06-17 19:25:57"
0000018268,00026,NULL,1,0,"2025-06-17 17:52:12","2025-06-17 18:59:52"
0000018267,00032,NULL,1,0,"2025-06-17 17:51:45","2025-06-17 18:49:59"
0000018266,00030,NULL,1,0,"2025-06-17 17:38:33","2025-06-17 18:43:31"
0000018265,00031,NULL,1,0,"2025-06-17 17:35:57","2025-06-17 18:29:25"
0000018264,00027,NULL,1,0,"2025-06-17 17:28:44","2025-06-17 18:40:32"
0000018263,00024,NULL,1,0,"2025-06-17 17:25:04","2025-06-17 18:56:25"
0000018262,00020,NULL,1,0,"2025-06-17 17:13:46","2025-06-17 17:59:57"
0000018261,00022,NULL,1,0,"2025-06-17 16:57:14","2025-06-17 18:13:21"
0000018260,00023,NULL,1,0,"2025-06-17 16:45:54","2025-06-17 18:05:44"
0000018259,00021,NULL,1,0,"2025-06-17 16:44:59","2025-06-17 18:10:07"
0000018258,00032,NULL,1,0,"2025-06-17 16:06:25","2025-06-17 16:55:27"
0000018257,00030,NULL,1,0,"2025-06-17 15:54:32","2025-06-17 17:11:32"
0000018256,00029,NULL,1,0,"2025-06-17 15:40:01","2025-06-17 16:30:41"
0000018255,00028,NULL,1,0,"2025-06-17 15:39:06","2025-06-17 16:39:58"
0000018254,00031,NULL,1,0,"2025-06-17 15:34:50","2025-06-17 16:58:37"
0000018253,00024,NULL,1,0,"2025-06-17 15:28:05","2025-06-17 16:49:55"
0000018252,00023,NULL,1,0,"2025-06-17 15:25:28","2025-06-17 16:12:56"
0000018251,00021,NULL,1,0,"2025-06-17 15:15:46","2025-06-17 16:32:17"
0000018250,00020,NULL,1,0,"2025-06-17 15:11:35","2025-06-17 16:33:49"
0000018249,00022,NULL,1,0,"2025-06-17 15:01:41","2025-06-17 16:23:50"
0000018248,00030,NULL,1,0,"2025-06-17 14:37:34","2025-06-17 15:43:29"
0000018247,00024,NULL,1,0,"2025-06-17 14:17:19","2025-06-17 15:06:37"
0000018246,00023,NULL,1,0,"2025-06-17 14:11:17","2025-06-17 15:13:41"
0000018245,00021,NULL,1,0,"2025-06-17 13:46:45","2025-06-17 15:10:27"
0000018244,00020,NULL,1,0,"2025-06-17 13:44:18","2025-06-17 15:02:31"
0000018243,00028,NULL,1,0,"2025-06-17 13:41:21","2025-06-17 14:45:39"
0000018242,00019,NULL,1,0,"2025-06-17 13:31:36","2025-06-17 15:00:35"
0000018241,00022,NULL,1,0,"2025-06-17 13:30:15","2025-06-17 14:20:33"
0000018240,00033,NULL,1,0,"2025-06-17 12:55:56","2025-06-17 14:14:10"
0000018239,00032,NULL,1,0,"2025-06-17 12:54:49","2025-06-17 14:44:20"
0000018238,00026,NULL,1,0,"2025-06-17 12:53:19","2025-06-17 13:51:13"
0000018237,00024,NULL,1,0,"2025-06-17 12:43:09","2025-06-17 13:53:19"
0000018236,00023,NULL,1,1,"2025-06-17 12:39:58","2025-06-17 13:49:42"
0000018235,00021,NULL,1,0,"2025-06-17 12:25:22","2025-06-17 13:42:39"
0000018234,00034,NULL,1,0,"2025-06-17 12:18:36","2025-06-17 12:56:39"
0000018233,00030,NULL,1,0,"2025-06-17 12:18:16","2025-06-17 13:26:40"
0000018232,00029,NULL,1,0,"2025-06-17 12:04:58","2025-06-17 12:50:47"
0000018231,00020,NULL,1,0,"2025-06-17 12:00:54","2025-06-17 13:14:49"
0000018230,00028,NULL,1,0,"2025-06-17 11:57:12","2025-06-17 13:28:05"
0000018229,00019,NULL,1,0,"2025-06-17 11:51:33","2025-06-17 13:17:50"
0000018228,00022,NULL,1,0,"2025-06-17 11:34:53","2025-06-17 12:52:19"
0000018227,00026,NULL,1,0,"2025-06-17 11:34:37","2025-06-17 12:36:19"
0000018226,00033,NULL,1,0,"2025-06-17 11:29:14","2025-06-17 12:42:07"
0000018225,00027,NULL,1,0,"2025-06-17 11:16:52","2025-06-17 12:46:36"
0000018224,00024,NULL,1,0,"2025-06-17 11:16:38","2025-06-17 12:23:49"
0000018223,00021,NULL,1,0,"2025-06-17 11:04:27","2025-06-17 12:17:36"
0000018222,00023,NULL,1,0,"2025-06-17 11:01:16","2025-06-17 12:18:58"
0000018221,00020,NULL,1,0,"2025-06-17 10:53:43","2025-06-17 11:45:08"
0000018220,00030,NULL,1,0,"2025-06-17 10:40:21","2025-06-17 11:48:18"
0000018219,00022,NULL,1,0,"2025-06-17 10:18:53","2025-06-17 11:20:15"
0000018218,00021,NULL,1,0,"2025-06-16 19:46:39","2025-06-16 20:49:51"
0000018217,00032,NULL,1,0,"2025-06-16 19:33:52","2025-06-16 20:39:04"
0000018216,00029,NULL,1,0,"2025-06-16 19:21:20","2025-06-16 20:30:49"
0000018215,00028,NULL,1,0,"2025-06-16 19:18:00","2025-06-16 20:17:27"
0000018214,00022,NULL,1,0,"2025-06-16 19:15:38","2025-06-16 20:35:21"
0000018213,00024,NULL,1,0,"2025-06-16 19:02:28","2025-06-16 19:55:10"
0000018212,00021,NULL,1,0,"2025-06-16 18:52:37","2025-06-16 19:36:15"
0000018211,00019,NULL,1,0,"2025-06-16 18:48:53","2025-06-16 20:07:49"
0000018210,00020,NULL,1,0,"2025-06-16 18:42:55","2025-06-16 20:37:55"
0000018209,00027,NULL,1,0,"2025-06-16 18:40:05","2025-06-16 20:00:15"
0000018208,00034,NULL,1,0,"2025-06-16 18:35:24","2025-06-16 20:14:42"
0000018207,00026,NULL,1,0,"2025-06-16 18:29:27","2025-06-16 19:47:25"
0000018206,00033,NULL,1,0,"2025-06-16 18:20:50","2025-06-16 19:25:08"
0000018205,00031,NULL,1,0,"2025-06-16 18:19:15","2025-06-16 20:22:15"
0000018204,00023,NULL,1,0,"2025-06-16 18:17:47","2025-06-16 19:22:48"
0000018203,00032,NULL,1,0,"2025-06-16 18:14:24","2025-06-16 19:19:04"
0000018202,00030,NULL,1,0,"2025-06-16 18:12:17","2025-06-16 19:26:17"
0000018201,00029,NULL,1,0,"2025-06-16 18:02:42","2025-06-16 19:11:32"
0000018200,00028,NULL,1,0,"2025-06-16 18:02:31","2025-06-16 19:12:35"
0000018199,00022,NULL,1,0,"2025-06-16 17:56:47","2025-06-16 19:10:52"
0000018198,00020,NULL,1,0,"2025-06-16 17:45:21","2025-06-16 18:41:55"
0000018197,00021,NULL,1,0,"2025-06-16 17:22:57","2025-06-16 18:46:25"
0000018196,00024,NULL,1,0,"2025-06-16 17:08:00","2025-06-16 18:59:54"
0000018195,00023,NULL,1,0,"2025-06-16 16:33:37","2025-06-16 18:11:15"
0000018194,00027,NULL,1,0,"2025-06-16 16:10:51","2025-06-16 18:16:08"
0000018193,00022,NULL,1,0,"2025-06-16 16:05:24","2025-06-16 17:18:47"
0000018192,00026,NULL,1,0,"2025-06-16 16:01:54","2025-06-16 17:32:49"
0000018191,00021,NULL,1,0,"2025-06-16 15:52:37","2025-06-16 17:05:56"
0000018190,00020,NULL,1,0,"2025-06-16 15:05:38","2025-06-16 16:26:47"
0000018189,00024,NULL,1,0,"2025-06-16 14:59:32","2025-06-16 15:53:34"
0000018188,00023,NULL,1,0,"2025-06-16 14:44:40","2025-06-16 16:08:14"
0000018187,00031,NULL,1,0,"2025-06-16 14:21:36","2025-06-16 14:48:58"
0000018186,00022,NULL,1,0,"2025-06-16 14:15:39","2025-06-16 15:18:37"
0000018185,00021,NULL,1,0,"2025-06-16 13:49:17","2025-06-16 15:07:42"
0000018184,00030,NULL,1,0,"2025-06-16 13:19:47","2025-06-16 14:29:41"
0000018183,00026,NULL,1,0,"2025-06-16 13:18:35","2025-06-16 14:47:34"
0000018182,00028,NULL,1,0,"2025-06-16 13:18:05","2025-06-16 14:41:28"
0000018181,00023,NULL,1,0,"2025-06-16 13:11:05","2025-06-16 14:01:26"
0000018180,00024,NULL,1,0,"2025-06-16 13:10:34","2025-06-16 14:14:24"
0000018179,00033,NULL,1,0,"2025-06-16 12:44:59","2025-06-16 14:30:30"
0000018178,00032,NULL,1,0,"2025-06-16 12:44:03","2025-06-16 13:35:47"
0000018177,00031,NULL,1,0,"2025-06-16 12:35:39","2025-06-16 13:36:44"
0000018176,00027,NULL,1,0,"2025-06-16 12:34:09","2025-06-16 13:47:31"
0000018175,00022,NULL,1,0,"2025-06-16 12:33:43","2025-06-16 14:03:15"
0000018174,00021,NULL,1,0,"2025-06-16 12:25:38","2025-06-16 13:25:08"
0000018173,00029,NULL,1,0,"2025-06-16 12:04:26","2025-06-16 13:53:51"
0000018172,00030,NULL,1,0,"2025-06-16 12:04:10","2025-06-16 13:08:36"
0000018171,00028,NULL,1,0,"2025-06-16 11:53:27","2025-06-16 13:15:42"
0000018170,00020,NULL,1,0,"2025-06-16 11:52:57","2025-06-16 13:33:37"
0000018169,00024,NULL,1,0,"2025-06-16 11:27:11","2025-06-16 12:58:57"
0000018168,00023,NULL,1,0,"2025-06-16 11:13:16","2025-06-16 12:32:59"
0000018167,00022,NULL,1,0,"2025-06-16 11:01:59","2025-06-16 12:02:33"
0000018166,00027,NULL,1,0,"2025-06-16 10:48:25","2025-06-16 12:06:21"
0000018165,00021,NULL,1,0,"2025-06-16 10:46:59","2025-06-16 12:08:38"
0000018164,00027,NULL,1,0,"2025-06-15 19:50:56","2025-06-15 20:34:00"
0000018163,00023,NULL,1,0,"2025-06-15 19:39:48","2025-06-15 20:44:33"
0000018162,00031,NULL,1,0,"2025-06-15 19:34:59","2025-06-15 20:28:20"
0000018161,00026,NULL,1,0,"2025-06-15 19:26:22","2025-06-15 20:32:38"
0000018160,00030,NULL,1,0,"2025-06-15 19:16:53","2025-06-15 20:18:52"
0000018159,00034,NULL,1,0,"2025-06-15 19:02:36","2025-06-15 20:13:28"
0000018158,00027,NULL,1,0,"2025-06-15 19:00:16","2025-06-15 19:44:38"
0000018157,00035,NULL,1,0,"2025-06-15 18:57:16","2025-06-15 20:07:49"
0000018156,00028,NULL,1,0,"2025-06-15 18:54:36","2025-06-15 20:10:45"
0000018155,00023,NULL,1,0,"2025-06-15 18:39:42","2025-06-15 19:38:25"
0000018154,00021,NULL,1,0,"2025-06-15 18:34:45","2025-06-15 20:05:14"
0000018153,00029,NULL,1,0,"2025-06-15 18:34:27","2025-06-15 20:17:20"
0000018152,00020,NULL,1,0,"2025-06-15 18:34:06","2025-06-15 19:47:27"
0000018151,00033,NULL,1,0,"2025-06-15 18:24:52","2025-06-15 19:48:48"
0000018150,00019,NULL,1,0,"2025-06-15 18:23:46","2025-06-15 19:45:07"
0000018149,00024,NULL,1,0,"2025-06-15 18:20:16","2025-06-15 20:00:38"
0000018148,00031,NULL,1,0,"2025-06-15 18:10:59","2025-06-15 19:30:36"
0000018147,00035,NULL,1,0,"2025-06-15 18:02:43","2025-06-15 18:55:23"
0000018146,00034,NULL,1,0,"2025-06-15 17:57:35","2025-06-15 19:01:11"
0000018145,00030,NULL,1,0,"2025-06-15 17:57:23","2025-06-15 19:09:54"
0000018144,00033,NULL,1,0,"2025-06-15 17:45:28","2025-06-15 18:18:43"
0000018143,00023,NULL,1,0,"2025-06-15 17:43:57","2025-06-15 18:37:22"
0000018142,00032,NULL,1,0,"2025-06-15 17:40:38","2025-06-15 18:52:55"
0000018141,00029,NULL,1,0,"2025-06-15 17:37:04","2025-06-15 18:26:14"
0000018140,00028,NULL,1,0,"2025-06-15 17:36:29","2025-06-15 18:40:13"
0000018139,00026,NULL,1,0,"2025-06-15 17:30:57","2025-06-15 19:15:38"
0000018138,00027,NULL,1,0,"2025-06-15 17:30:20","2025-06-15 18:58:26"
0000018137,00020,NULL,1,0,"2025-06-15 17:28:34","2025-06-15 18:30:05"
0000018136,00021,NULL,1,0,"2025-06-15 17:07:02","2025-06-15 18:28:56"
0000018135,00031,NULL,1,0,"2025-06-15 17:02:54","2025-06-15 18:09:29"
0000018134,00030,NULL,1,0,"2025-06-15 16:46:22","2025-06-15 17:49:00"
0000018133,00024,NULL,1,0,"2025-06-15 16:44:39","2025-06-15 18:18:27"
0000018132,00019,NULL,1,0,"2025-06-15 16:27:18","2025-06-15 17:17:13"
0000018131,00023,NULL,1,0,"2025-06-15 16:14:57","2025-06-15 17:36:04"
0000018130,00032,NULL,1,0,"2025-06-15 16:02:51","2025-06-15 17:35:16"
0000018129,00029,NULL,1,0,"2025-06-15 15:58:21","2025-06-15 17:09:09"
0000018128,00020,NULL,1,0,"2025-06-15 15:54:34","2025-06-15 17:13:17"
0000018127,00028,NULL,1,0,"2025-06-15 15:47:43","2025-06-15 17:22:53"
0000018126,00021,NULL,1,0,"2025-06-15 15:40:07","2025-06-15 17:01:09"
0000018125,00030,NULL,1,0,"2025-06-15 14:59:34","2025-06-15 15:46:39"
0000018124,00028,NULL,1,0,"2025-06-15 14:42:53","2025-06-15 15:28:03"
0000018123,00024,NULL,1,0,"2025-06-15 14:23:43","2025-06-15 15:36:11"
0000018122,00020,NULL,1,0,"2025-06-15 14:16:28","2025-06-15 15:29:46"
0000018121,00023,NULL,1,0,"2025-06-15 14:15:28","2025-06-15 15:52:47"
0000018120,00021,NULL,1,0,"2025-06-15 13:55:35","2025-06-15 14:55:55"
0000018119,00034,NULL,1,0,"2025-06-15 13:52:20","2025-06-15 15:11:19"
0000018118,00019,NULL,1,0,"2025-06-15 13:43:04","2025-06-15 15:26:38"
0000018117,00035,NULL,1,0,"2025-06-15 13:41:37","2025-06-15 15:22:30"
0000018116,00029,NULL,1,0,"2025-06-15 13:39:12","2025-06-15 14:53:34"
0000018115,00026,NULL,1,0,"2025-06-15 13:31:49","2025-06-15 15:04:01"
0000018114,00023,NULL,1,0,"2025-06-15 13:12:30","2025-06-15 13:59:25"
0000018113,00028,NULL,1,0,"2025-06-15 13:02:29","2025-06-15 14:28:40"
0000018112,00020,NULL,1,0,"2025-06-15 13:00:12","2025-06-15 14:06:33"
0000018111,00032,NULL,1,0,"2025-06-15 12:57:27","2025-06-15 14:21:38"
0000018110,00031,NULL,1,0,"2025-06-15 12:55:04","2025-06-15 14:46:39"
0000018109,00030,NULL,1,0,"2025-06-15 12:52:54","2025-06-15 14:04:55"
0000018108,00024,NULL,1,0,"2025-06-15 12:39:23","2025-06-15 13:25:50"
0000018107,00036,NULL,1,0,"2025-06-15 12:27:31","2025-06-15 12:27:49"
0000018106,00021,NULL,1,0,"2025-06-15 12:27:05","2025-06-15 13:30:25"
0000018105,00027,NULL,1,0,"2025-06-15 12:14:03","2025-06-15 13:13:19"
0000018104,00029,NULL,1,0,"2025-06-15 12:12:30","2025-06-15 13:14:35"
0000018103,00034,NULL,1,0,"2025-06-15 11:59:35","2025-06-15 13:15:33"
0000018102,00031,NULL,1,0,"2025-06-15 11:49:05","2025-06-15 12:45:56"
0000018101,00028,NULL,1,0,"2025-06-15 11:38:05","2025-06-15 12:46:41"
0000018100,00030,NULL,1,0,"2025-06-15 11:33:36","2025-06-15 12:43:59"
0000018099,00019,NULL,1,0,"2025-06-15 11:33:16","2025-06-15 13:11:42"
0000018098,00023,NULL,1,0,"2025-06-15 11:32:52","2025-06-15 13:05:29"
0000018097,00020,NULL,1,0,"2025-06-15 11:31:12","2025-06-15 12:50:28"
0000018096,00026,NULL,1,0,"2025-06-15 11:28:02","2025-06-15 13:09:08"
0000018095,00032,NULL,1,0,"2025-06-15 11:27:15","2025-06-15 12:42:39"
0000018094,00022,NULL,1,0,"2025-06-15 11:01:17","2025-06-15 12:34:34"
0000018093,00024,NULL,1,0,"2025-06-15 11:00:56","2025-06-15 12:05:17"
0000018092,00021,NULL,1,0,"2025-06-15 11:00:11","2025-06-15 12:19:55"
0000018091,00024,NULL,1,0,"2025-06-14 20:25:21","2025-06-14 20:55:47"
0000018090,00023,NULL,1,0,"2025-06-14 19:55:48","2025-06-14 20:45:45"
0000018089,00022,NULL,1,0,"2025-06-14 19:34:08","2025-06-14 20:46:31"
0000018088,00019,NULL,1,0,"2025-06-14 19:23:34","2025-06-14 20:23:59"
0000018087,00026,NULL,1,0,"2025-06-14 19:15:22","2025-06-14 20:27:26"
0000018086,00027,NULL,1,0,"2025-06-14 19:09:39","2025-06-14 20:12:54"
0000018085,00035,NULL,1,0,"2025-06-14 19:08:03","2025-06-14 20:19:19"
0000018084,00020,NULL,1,0,"2025-06-14 19:07:01","2025-06-14 20:17:21"
0000018083,00021,NULL,1,0,"2025-06-14 19:06:48","2025-06-14 20:20:37"
0000018082,00029,NULL,1,0,"2025-06-14 19:06:32","2025-06-14 20:24:46"
0000018081,00023,NULL,1,0,"2025-06-14 18:54:17","2025-06-14 19:48:23"
0000018080,00033,NULL,1,0,"2025-06-14 18:53:17","2025-06-14 20:11:31"
0000018079,00031,NULL,1,0,"2025-06-14 18:38:52","2025-06-14 19:50:18"
0000018078,00030,NULL,1,0,"2025-06-14 18:38:43","2025-06-14 19:49:28"
0000018077,00028,NULL,1,0,"2025-06-14 18:30:38","2025-06-14 19:42:22"
0000018076,00034,NULL,1,0,"2025-06-14 18:26:29","2025-06-14 19:38:41"
0000018075,00024,NULL,1,0,"2025-06-14 18:15:19","2025-06-14 19:20:47"
0000018074,00021,NULL,1,0,"2025-06-14 18:09:16","2025-06-14 19:03:03"
0000018073,00026,NULL,1,0,"2025-06-14 18:00:35","2025-06-14 19:11:14"
0000018072,00022,NULL,1,0,"2025-06-14 17:42:40","2025-06-14 19:13:33"
0000018071,00035,NULL,1,0,"2025-06-14 17:30:58","2025-06-14 19:05:44"
0000018070,00020,NULL,1,0,"2025-06-14 17:29:24","2025-06-14 18:53:54"
0000018069,00034,NULL,1,0,"2025-06-14 17:28:47","2025-06-14 18:24:21"
0000018068,00023,NULL,1,0,"2025-06-14 17:28:30","2025-06-14 18:48:46"
0000018067,00027,NULL,1,0,"2025-06-14 17:20:34","2025-06-14 19:03:21"
0000018066,00032,NULL,1,0,"2025-06-14 17:14:33","2025-06-14 19:04:06"
0000018065,00029,NULL,1,0,"2025-06-14 17:10:56","2025-06-14 18:52:14"
0000018064,00033,NULL,1,0,"2025-06-14 17:08:46","2025-06-14 18:45:01"
0000018063,00030,NULL,1,0,"2025-06-14 17:04:44","2025-06-14 18:27:25"
0000018062,00028,NULL,1,0,"2025-06-14 17:03:41","2025-06-14 18:30:18"
0000018061,00021,NULL,1,0,"2025-06-14 17:01:13","2025-06-14 18:06:45"
0000018060,00026,NULL,1,0,"2025-06-14 16:59:01","2025-06-14 17:56:18"
0000018059,00027,NULL,1,0,"2025-06-14 16:35:40","2025-06-14 17:10:30"
0000018058,00022,NULL,1,0,"2025-06-14 16:21:58","2025-06-14 17:40:23"
0000018057,00024,NULL,1,0,"2025-06-14 16:21:32","2025-06-14 18:14:38"
0000018056,00020,NULL,1,0,"2025-06-14 16:03:45","2025-06-14 17:25:09"
0000018055,00023,NULL,1,0,"2025-06-14 15:33:57","2025-06-14 17:24:47"
0000018054,00024,NULL,1,0,"2025-06-14 15:02:19","2025-06-14 16:00:19"
0000018053,00021,NULL,1,0,"2025-06-14 14:55:47","2025-06-14 16:17:47"
0000018052,00020,NULL,1,0,"2025-06-14 14:29:29","2025-06-14 15:44:49"
0000018051,00022,NULL,1,0,"2025-06-14 14:23:44","2025-06-14 15:32:52"
0000018050,00030,NULL,1,0,"2025-06-14 14:02:40","2025-06-14 14:03:03"
0000018049,00033,NULL,1,0,"2025-06-14 13:52:50","2025-06-14 15:11:21"
0000018048,00031,NULL,1,0,"2025-06-14 13:47:18","2025-06-14 14:59:08"
0000018047,00023,NULL,1,0,"2025-06-14 13:44:03","2025-06-14 15:14:53"
0000018046,00019,NULL,1,0,"2025-06-14 13:16:55","2025-06-14 14:53:05"
0000018045,00021,NULL,1,0,"2025-06-14 13:11:41","2025-06-14 14:27:23"
0000018044,00024,NULL,1,0,"2025-06-14 13:06:26","2025-06-14 14:11:02"
0000018043,00034,NULL,1,0,"2025-06-14 12:54:54","2025-06-14 14:24:24"
0000018042,00035,NULL,1,0,"2025-06-14 12:52:06","2025-06-14 13:48:54"
0000018041,00033,NULL,1,0,"2025-06-14 12:45:00","2025-06-14 13:37:10"
0000018040,00032,NULL,1,0,"2025-06-14 12:36:24","2025-06-14 14:03:39"
0000018039,00022,NULL,1,0,"2025-06-14 12:35:03","2025-06-14 13:46:03"
0000018038,00031,NULL,1,0,"2025-06-14 12:18:32","2025-06-14 13:21:48"
0000018037,00030,NULL,1,0,"2025-06-14 12:18:22","2025-06-14 13:15:17"
0000018036,00026,NULL,1,0,"2025-06-14 12:14:21","2025-06-14 14:04:56"
0000018035,00020,NULL,1,0,"2025-06-14 12:10:06","2025-06-14 14:01:41"
0000018034,00029,NULL,1,0,"2025-06-14 12:08:17","2025-06-14 13:41:06"
0000018033,00028,NULL,1,0,"2025-06-14 12:06:42","2025-06-14 13:42:47"
0000018032,00023,NULL,1,0,"2025-06-14 12:06:26","2025-06-14 13:30:26"
0000018031,00024,NULL,1,0,"2025-06-14 11:53:42","2025-06-14 13:01:36"
0000018030,00021,NULL,1,0,"2025-06-14 11:49:14","2025-06-14 13:05:54"
0000018029,00022,NULL,1,0,"2025-06-14 11:12:40","2025-06-14 12:33:56"
0000018028,00023,NULL,1,0,"2025-06-14 10:54:28","2025-06-14 12:04:46"
0000018027,00019,NULL,1,0,"2025-06-14 10:44:13","2025-06-14 12:12:37"
0000018026,00021,NULL,1,0,"2025-06-14 10:31:56","2025-06-14 11:36:16"
0000018025,00024,NULL,1,0,"2025-06-13 19:49:09","2025-06-13 20:43:05"
0000018024,00022,NULL,1,0,"2025-06-13 19:47:42","2025-06-13 20:51:11"
0000018023,00031,NULL,1,0,"2025-06-13 19:46:25","2025-06-13 20:57:36"
0000018022,00021,NULL,1,0,"2025-06-13 19:34:04","2025-06-13 20:49:27"
0000018021,00028,NULL,1,0,"2025-06-13 19:31:35","2025-06-13 20:29:31"
0000018020,00032,NULL,1,0,"2025-06-13 19:05:42","2025-06-13 20:06:54"
0000018019,00033,NULL,1,0,"2025-06-13 19:04:47","2025-06-13 20:03:19"
0000018018,00019,NULL,1,0,"2025-06-13 18:42:33","2025-06-13 20:14:21"
0000018017,00030,NULL,1,0,"2025-06-13 18:34:08","2025-06-13 19:46:14"
0000018016,00034,NULL,1,0,"2025-06-13 18:31:16","2025-06-13 19:33:59"
0000018015,00020,NULL,1,0,"2025-06-13 18:30:58","2025-06-13 19:36:57"
0000018014,00023,NULL,1,0,"2025-06-13 18:30:31","2025-06-13 19:41:48"
0000018013,00022,NULL,1,0,"2025-06-13 18:23:00","2025-06-13 19:34:42"
0000018012,00035,NULL,1,0,"2025-06-13 18:11:11","2025-06-13 19:19:16"
0000018011,00026,NULL,1,0,"2025-06-13 18:11:01","2025-06-13 19:23:49"
0000018010,00033,NULL,1,0,"2025-06-13 18:08:15","2025-06-13 19:00:48"
0000018009,00032,NULL,1,0,"2025-06-13 18:05:55","2025-06-13 19:01:34"
0000018008,00021,NULL,1,0,"2025-06-13 17:56:20","2025-06-13 19:10:09"
0000018007,00028,NULL,1,0,"2025-06-13 17:53:30","2025-06-13 19:08:43"
0000018006,00027,NULL,1,0,"2025-06-13 17:38:33","2025-06-13 19:04:19"
0000018005,00024,NULL,1,0,"2025-06-13 17:35:19","2025-06-13 19:14:49"
0000018004,00023,NULL,1,0,"2025-06-13 17:25:30","2025-06-13 18:24:44"
0000018003,00020,NULL,1,0,"2025-06-13 17:12:08","2025-06-13 17:54:51"
0000018002,00022,NULL,1,0,"2025-06-13 16:57:49","2025-06-13 18:18:26"
0000018001,00021,NULL,1,0,"2025-06-13 16:25:26","2025-06-13 17:41:50"
0000018000,00023,NULL,1,0,"2025-06-13 15:46:53","2025-06-13 16:43:07"
0000017999,00021,NULL,1,0,"2025-06-13 14:43:23","2025-06-13 15:58:23"
0000017998,00028,NULL,1,0,"2025-06-13 14:14:28","2025-06-13 15:49:50"
0000017997,00024,NULL,1,0,"2025-06-13 13:50:45","2025-06-13 15:06:20"
0000017996,00031,NULL,1,0,"2025-06-13 13:45:47","2025-06-13 15:25:27"
0000017995,00030,NULL,1,0,"2025-06-13 13:45:37","2025-06-13 14:39:58"
0000017994,00023,NULL,1,0,"2025-06-13 13:32:53","2025-06-13 14:22:49"
0000017993,00033,NULL,1,0,"2025-06-13 13:13:46","2025-06-13 13:58:56"
0000017992,00029,NULL,1,0,"2025-06-13 12:56:25","2025-06-13 13:55:27"
0000017991,00035,NULL,1,0,"2025-06-13 12:54:12","2025-06-13 14:06:28"
0000017990,00028,NULL,1,0,"2025-06-13 12:50:19","2025-06-13 13:52:41"
0000017989,00022,NULL,1,0,"2025-06-13 12:48:11","2025-06-13 14:04:54"
0000017988,00019,NULL,1,0,"2025-06-13 12:46:08","2025-06-13 13:53:41"
0000017987,00021,NULL,1,0,"2025-06-13 12:34:07","2025-06-13 14:03:31"
0000017986,00033,NULL,1,0,"2025-06-13 12:29:12","2025-06-13 13:12:00"
0000017985,00031,NULL,1,0,"2025-06-13 12:28:52","2025-06-13 13:32:31"
0000017984,00032,NULL,1,0,"2025-06-13 12:28:42","2025-06-13 13:17:24"
0000017983,00030,NULL,1,0,"2025-06-13 12:15:19","2025-06-13 13:29:29"
0000017982,00026,NULL,1,0,"2025-06-13 12:12:03","2025-06-13 13:27:26"
0000017981,00020,NULL,1,0,"2025-06-13 12:11:51","2025-06-13 13:49:10"
0000017980,00023,NULL,1,0,"2025-06-13 11:51:39","2025-06-13 13:16:47"
0000017979,00028,NULL,1,0,"2025-06-13 11:35:10","2025-06-13 12:35:51"
0000017978,00024,NULL,1,0,"2025-06-13 11:32:31","2025-06-13 13:35:41"
0000017977,00022,NULL,1,0,"2025-06-13 11:23:27","2025-06-13 12:26:09"
0000017976,00021,NULL,1,0,"2025-06-13 11:10:39","2025-06-13 12:25:30"
0000017975,00019,NULL,1,0,"2025-06-13 10:55:49","2025-06-13 12:31:04"
0000017974,00021,NULL,1,0,"2025-06-12 19:26:00","2025-06-12 20:40:11"
0000017973,00022,NULL,1,0,"2025-06-12 19:16:48","2025-06-12 20:29:18"
0000017972,00034,NULL,1,0,"2025-06-12 19:12:54","2025-06-12 20:22:49"
0000017971,00024,NULL,1,0,"2025-06-12 19:03:36","2025-06-12 20:23:32"
0000017970,00027,NULL,1,0,"2025-06-12 19:01:27","2025-06-12 19:57:56"
0000017969,00019,NULL,1,0,"2025-06-12 18:58:32","2025-06-12 20:40:38"
0000017968,00020,NULL,1,0,"2025-06-12 18:55:39","2025-06-12 20:31:06"
0000017967,00032,NULL,1,0,"2025-06-12 18:52:26","2025-06-12 20:42:05"
0000017966,00023,NULL,1,0,"2025-06-12 18:51:08","2025-06-12 20:20:38"
0000017965,00026,NULL,1,0,"2025-06-12 18:42:58","2025-06-12 20:00:32"
0000017964,00031,NULL,1,0,"2025-06-12 18:41:44","2025-06-12 20:27:19"
0000017963,00021,NULL,1,0,"2025-06-12 18:15:15","2025-06-12 19:23:31"
0000017962,00030,NULL,1,0,"2025-06-12 18:11:44","2025-06-12 19:59:09"
0000017961,00022,NULL,1,0,"2025-06-12 18:08:01","2025-06-12 19:13:46"
0000017960,00028,NULL,1,0,"2025-06-12 18:05:48","2025-06-12 20:25:34"
0000017959,00034,NULL,1,0,"2025-06-12 17:47:40","2025-06-12 18:55:10"
0000017958,00035,NULL,1,0,"2025-06-12 17:46:30","2025-06-12 19:20:03"
0000017957,00033,NULL,1,0,"2025-06-12 17:40:21","2025-06-12 18:43:45"
0000017956,00023,NULL,1,0,"2025-06-12 17:37:52","2025-06-12 18:46:04"
0000017955,00027,NULL,1,0,"2025-06-12 17:37:43","2025-06-12 18:53:07"
0000017954,00019,NULL,1,0,"2025-06-12 17:27:43","2025-06-12 18:48:45"
0000017953,00026,NULL,1,0,"2025-06-12 17:27:21","2025-06-12 18:36:37"
0000017952,00032,NULL,1,0,"2025-06-12 17:17:13","2025-06-12 18:41:08"
0000017951,00030,NULL,1,0,"2025-06-12 17:06:44","2025-06-12 18:04:53"
0000017950,00028,NULL,1,0,"2025-06-12 17:04:01","2025-06-12 18:00:55"
0000017949,00031,NULL,1,0,"2025-06-12 17:01:34","2025-06-12 18:32:18"
0000017948,00024,NULL,1,0,"2025-06-12 16:57:25","2025-06-12 18:30:25"
0000017947,00029,NULL,1,0,"2025-06-12 16:45:43","2025-06-12 17:57:22"
0000017946,00023,NULL,1,0,"2025-06-12 16:34:27","2025-06-12 17:32:39"
0000017945,00021,NULL,1,0,"2025-06-12 16:29:54","2025-06-12 18:13:23"
0000017944,00024,NULL,1,0,"2025-06-12 15:37:24","2025-06-12 16:32:30"
0000017943,00022,NULL,1,0,"2025-06-12 15:29:42","2025-06-12 17:37:07"
0000017942,00030,NULL,1,0,"2025-06-12 14:50:02","2025-06-12 15:54:57"
0000017941,00031,NULL,1,0,"2025-06-12 14:47:01","2025-06-12 16:08:27"
0000017940,00023,NULL,1,0,"2025-06-12 14:30:06","2025-06-12 15:40:45"
0000017939,00024,NULL,1,0,"2025-06-12 14:24:23","2025-06-12 15:22:12"
0000017938,00021,NULL,1,0,"2025-06-12 14:21:59","2025-06-12 15:44:07"
0000017937,00022,NULL,1,0,"2025-06-12 14:03:34","2025-06-12 15:06:03"
0000017936,00019,NULL,1,0,"2025-06-12 14:02:00","2025-06-12 15:18:00"
0000017935,00033,NULL,1,0,"2025-06-12 13:46:59","2025-06-12 15:12:47"
0000017934,00032,NULL,1,0,"2025-06-12 13:45:44","2025-06-12 15:38:33"
0000017933,00020,NULL,1,0,"2025-06-12 13:37:26","2025-06-12 14:25:33"
0000017932,00027,NULL,1,0,"2025-06-12 13:36:54","2025-06-12 15:08:24"
0000017931,00024,NULL,1,0,"2025-06-12 13:08:01","2025-06-12 14:18:21"
0000017930,00023,NULL,1,0,"2025-06-12 13:02:48","2025-06-12 13:48:37"
0000017929,00031,NULL,1,0,"2025-06-12 13:02:34","2025-06-12 14:01:38"
0000017928,00021,NULL,1,0,"2025-06-12 12:55:57","2025-06-12 13:55:55"
0000017927,00028,NULL,1,0,"2025-06-12 12:52:39","2025-06-12 13:53:19"
0000017926,00030,NULL,1,0,"2025-06-12 12:46:28","2025-06-12 14:08:30"
0000017925,00022,NULL,1,0,"2025-06-12 12:28:57","2025-06-12 13:52:21"
0000017924,00020,NULL,1,0,"2025-06-12 12:26:54","2025-06-12 13:10:51"
0000017923,00029,NULL,1,0,"2025-06-12 12:13:35","2025-06-12 14:14:25"
0000017922,00035,NULL,1,0,"2025-06-12 12:06:05","2025-06-12 13:35:15"
0000017921,00032,NULL,1,0,"2025-06-12 12:03:47","2025-06-12 13:35:33"
0000017920,00021,NULL,1,0,"2025-06-12 11:46:22","2025-06-12 13:00:27"
0000017919,00026,NULL,1,0,"2025-06-12 11:42:29","2025-06-12 13:12:13"
0000017918,00031,NULL,1,0,"2025-06-12 11:36:00","2025-06-12 12:39:54"
0000017917,00024,NULL,1,0,"2025-06-12 11:23:15","2025-06-12 13:02:20"
0000017916,00020,NULL,1,0,"2025-06-12 11:15:20","2025-06-12 12:01:02"
0000017915,00028,NULL,1,0,"2025-06-12 11:13:11","2025-06-12 12:25:20"
0000017914,00023,NULL,1,0,"2025-06-12 11:01:13","2025-06-12 11:54:30"
0000017913,00021,NULL,1,0,"2025-06-12 10:29:33","2025-06-12 11:36:55"
0000017912,00022,NULL,1,0,"2025-06-12 10:21:22","2025-06-12 11:51:36"
0000017911,00030,NULL,1,0,"2025-06-11 19:48:52","2025-06-11 20:40:51"
0000017910,00022,NULL,1,0,"2025-06-11 19:44:20","2025-06-11 20:49:06"
0000017909,00021,NULL,1,0,"2025-06-11 19:24:27","2025-06-11 20:38:07"
0000017908,00020,NULL,1,0,"2025-06-11 19:20:06","2025-06-11 20:34:55"
0000017907,00034,NULL,1,0,"2025-06-11 19:14:58","2025-06-11 20:31:14"
0000017906,00023,NULL,1,0,"2025-06-11 19:12:39","2025-06-11 20:29:52"
0000017905,00024,NULL,1,0,"2025-06-11 19:09:22","2025-06-11 20:13:57"
0000017904,00031,NULL,1,0,"2025-06-11 19:01:28","2025-06-11 20:05:52"
0000017903,00028,NULL,1,0,"2025-06-11 18:55:49","2025-06-11 20:10:22"
0000017902,00035,NULL,1,0,"2025-06-11 18:52:28","2025-06-11 20:09:23"
0000017901,00033,NULL,1,0,"2025-06-11 18:41:23","2025-06-11 19:49:49"
0000017900,00021,NULL,1,0,"2025-06-11 18:14:17","2025-06-11 19:19:19"
0000017899,00022,NULL,1,0,"2025-06-11 18:12:59","2025-06-11 19:30:56"
0000017898,00019,NULL,1,0,"2025-06-11 18:03:19","2025-06-11 20:12:38"
0000017897,00023,NULL,1,0,"2025-06-11 18:00:22","2025-06-11 19:04:51"
0000017896,00032,NULL,1,0,"2025-06-11 17:58:24","2025-06-11 19:56:23"
0000017895,00020,NULL,1,0,"2025-06-11 17:50:09","2025-06-11 19:15:43"
0000017894,00034,NULL,1,0,"2025-06-11 17:47:52","2025-06-11 18:59:39"
0000017893,00031,NULL,1,0,"2025-06-11 17:46:57","2025-06-11 18:53:04"
0000017892,00035,NULL,1,0,"2025-06-11 17:46:35","2025-06-11 18:51:33"
0000017891,00030,NULL,1,0,"2025-06-11 17:40:40","2025-06-11 19:41:16"
0000017890,00026,NULL,1,0,"2025-06-11 17:40:21","2025-06-11 19:36:07"
0000017889,00024,NULL,1,0,"2025-06-11 17:36:52","2025-06-11 18:58:15"
0000017888,00033,NULL,1,0,"2025-06-11 17:34:32","2025-06-11 18:38:07"
0000017887,00022,NULL,1,0,"2025-06-11 17:25:56","2025-06-11 18:12:33"
0000017886,00021,NULL,1,0,"2025-06-11 17:25:47","2025-06-11 18:13:49"
0000017885,00028,NULL,1,0,"2025-06-11 17:25:21","2025-06-11 18:45:22"
0000017884,00023,NULL,1,0,"2025-06-11 16:48:45","2025-06-11 17:53:01"
0000017883,00021,NULL,1,0,"2025-06-11 16:21:57","2025-06-11 17:10:40"
0000017882,00019,NULL,1,0,"2025-06-11 15:22:03","2025-06-11 17:19:34"
0000017881,00033,NULL,1,0,"2025-06-11 15:16:59","2025-06-11 16:16:35"
0000017880,00032,NULL,1,0,"2025-06-11 15:13:49","2025-06-11 16:19:28"
0000017879,00024,NULL,1,0,"2025-06-11 15:10:05","2025-06-11 16:34:13"
0000017878,00021,NULL,1,0,"2025-06-11 15:00:45","2025-06-11 16:13:41"
0000017877,00031,NULL,1,0,"2025-06-11 14:42:46","2025-06-11 15:38:26"
0000017876,00030,NULL,1,0,"2025-06-11 14:40:59","2025-06-11 15:43:04"
0000017875,00020,NULL,1,0,"2025-06-11 14:35:54","2025-06-11 15:40:40"
0000017874,00023,NULL,1,0,"2025-06-11 14:08:21","2025-06-11 15:15:42"
0000017873,00026,NULL,1,0,"2025-06-11 14:07:27","2025-06-11 15:12:56"
0000017872,00022,NULL,1,0,"2025-06-11 14:06:23","2025-06-11 15:34:32"
0000017871,00021,NULL,1,0,"2025-06-11 13:46:08","2025-06-11 14:47:37"
0000017870,00024,NULL,1,0,"2025-06-11 13:22:12","2025-06-11 14:53:42"
0000017869,00023,NULL,1,0,"2025-06-11 13:19:58","2025-06-11 13:59:55"
0000017868,00028,NULL,1,0,"2025-06-11 13:14:51","2025-06-11 15:21:15"
0000017867,00035,NULL,1,0,"2025-06-11 13:12:43","2025-06-11 14:21:45"
0000017866,00034,NULL,1,0,"2025-06-11 12:53:31","2025-06-11 13:55:28"
0000017865,00032,NULL,1,0,"2025-06-11 12:52:33","2025-06-11 14:31:16"
0000017864,00033,NULL,1,0,"2025-06-11 12:45:49","2025-06-11 14:12:26"
0000017863,00022,NULL,1,0,"2025-06-11 12:41:08","2025-06-11 13:40:32"
0000017862,00019,NULL,1,0,"2025-06-11 12:40:40","2025-06-11 14:15:56"
0000017861,00026,NULL,1,0,"2025-06-11 12:40:23","2025-06-11 13:20:40"
0000017860,00027,NULL,1,0,"2025-06-11 12:40:02","2025-06-11 13:34:53"
0000017859,00021,NULL,1,0,"2025-06-11 12:26:32","2025-06-11 13:35:05"
0000017858,00020,NULL,1,0,"2025-06-11 12:13:10","2025-06-11 13:36:29"
0000017857,00031,NULL,1,0,"2025-06-11 12:12:45","2025-06-11 13:34:08"
0000017856,00029,NULL,1,0,"2025-06-11 12:03:52","2025-06-11 13:10:15"
0000017855,00030,NULL,1,0,"2025-06-11 11:54:41","2025-06-11 13:14:19"
0000017854,00028,NULL,1,0,"2025-06-11 11:54:24","2025-06-11 13:02:33"
0000017853,00024,NULL,1,0,"2025-06-11 11:41:31","2025-06-11 12:59:02"
0000017852,00023,NULL,1,0,"2025-06-11 11:40:48","2025-06-11 13:04:23"
0000017851,00021,NULL,1,0,"2025-06-11 11:30:22","2025-06-11 12:23:09"
0000017850,00022,NULL,1,0,"2025-06-11 11:12:43","2025-06-11 12:25:13"
0000017849,00019,NULL,1,0,"2025-06-11 10:37:09","2025-06-11 11:46:44"
0000017848,00031,NULL,1,0,"2025-06-10 19:27:40","2025-06-10 20:13:01"
0000017847,00023,NULL,1,0,"2025-06-10 19:21:53","2025-06-10 20:36:06"
0000017846,00028,NULL,1,0,"2025-06-10 19:20:16","2025-06-10 20:19:25"
0000017845,00034,NULL,1,0,"2025-06-10 19:13:51","2025-06-10 20:09:34"
0000017844,00020,NULL,1,0,"2025-06-10 19:07:37","2025-06-10 20:05:52"
0000017843,00030,NULL,1,0,"2025-06-10 18:58:52","2025-06-10 19:56:39"
0000017842,00035,NULL,1,0,"2025-06-10 18:47:01","2025-06-10 20:11:55"
0000017841,00026,NULL,1,0,"2025-06-10 18:43:58","2025-06-10 19:48:41"
0000017840,00033,NULL,1,0,"2025-06-10 18:41:33","2025-06-10 19:41:02"
0000017839,00032,NULL,1,0,"2025-06-10 18:38:44","2025-06-10 19:53:13"
0000017838,00027,NULL,1,0,"2025-06-10 18:21:08","2025-06-10 19:30:57"
0000017837,00021,NULL,1,0,"2025-06-10 18:19:27","2025-06-10 19:55:20"
0000017836,00028,NULL,1,0,"2025-06-10 18:01:50","2025-06-10 19:13:29"
0000017835,00029,NULL,1,0,"2025-06-10 18:01:37","2025-06-10 19:19:10"
0000017834,00031,NULL,1,0,"2025-06-10 17:52:45","2025-06-10 19:10:35"
0000017833,00030,NULL,1,0,"2025-06-10 17:50:46","2025-06-10 18:54:26"
0000017832,00024,NULL,1,0,"2025-06-10 17:49:05","2025-06-10 19:15:15"
0000017831,00023,NULL,1,0,"2025-06-10 17:46:04","2025-06-10 19:16:25"
0000017830,00022,NULL,1,0,"2025-06-10 17:43:28","2025-06-10 19:29:33"
0000017829,00019,NULL,1,0,"2025-06-10 17:37:56","2025-06-10 19:17:44"
0000017828,00035,NULL,1,0,"2025-06-10 17:34:55","2025-06-10 18:44:57"
0000017827,00034,NULL,1,0,"2025-06-10 17:31:08","2025-06-10 19:06:46"
0000017826,00026,NULL,1,0,"2025-06-10 17:25:15","2025-06-10 18:39:17"
0000017825,00032,NULL,1,0,"2025-06-10 17:18:11","2025-06-10 18:34:20"
0000017824,00020,NULL,1,0,"2025-06-10 17:17:54","2025-06-10 18:55:23"
0000017823,00021,NULL,1,0,"2025-06-10 17:17:41","2025-06-10 18:13:15"
0000017822,00027,NULL,1,0,"2025-06-10 17:02:48","2025-06-10 18:16:20"
0000017821,00030,NULL,1,0,"2025-06-10 16:36:20","2025-06-10 17:33:37"
0000017820,00023,NULL,1,0,"2025-06-10 16:35:33","2025-06-10 17:40:48"
0000017819,00022,NULL,1,0,"2025-06-10 16:28:00","2025-06-10 17:30:44"
0000017818,00032,NULL,1,0,"2025-06-10 15:59:54","2025-06-10 17:10:58"
0000017817,00024,NULL,1,0,"2025-06-10 15:58:44","2025-06-10 17:36:55"
0000017816,00029,NULL,1,0,"2025-06-10 15:57:10","2025-06-10 17:37:40"
0000017815,00028,NULL,1,0,"2025-06-10 15:56:53","2025-06-10 17:48:00"
0000017814,00020,NULL,1,0,"2025-06-10 15:52:28","2025-06-10 17:14:45"
0000017813,00021,NULL,1,0,"2025-06-10 15:41:03","2025-06-10 16:58:57"
0000017812,00030,NULL,1,0,"2025-06-10 15:24:08","2025-06-10 16:18:32"
0000017811,00027,NULL,1,0,"2025-06-10 15:15:08","2025-06-10 16:25:04"
0000017810,00023,NULL,1,0,"2025-06-10 14:49:50","2025-06-10 16:13:37"
0000017809,00021,NULL,1,0,"2025-06-10 14:34:51","2025-06-10 15:34:19"
0000017808,00022,NULL,1,0,"2025-06-10 14:17:33","2025-06-10 15:27:43"
0000017807,00019,NULL,1,0,"2025-06-10 14:17:00","2025-06-10 15:23:41"
0000017806,00026,NULL,1,0,"2025-06-10 13:26:02","2025-06-10 14:37:11"
0000017805,00032,NULL,1,0,"2025-06-10 13:20:55","2025-06-10 14:27:10"
0000017804,00031,NULL,1,0,"2025-06-10 13:08:41","2025-06-10 14:02:55"
0000017803,00023,NULL,1,0,"2025-06-10 12:55:57","2025-06-10 14:12:54"
0000017802,00029,NULL,1,0,"2025-06-10 12:48:01","2025-06-10 13:16:17"
0000017801,00020,NULL,1,0,"2025-06-10 12:47:12","2025-06-10 13:59:06"
0000017800,00022,NULL,1,0,"2025-06-10 12:45:26","2025-06-10 14:11:34"
0000017799,00019,NULL,1,0,"2025-06-10 12:44:19","2025-06-10 13:47:12"
0000017798,00030,NULL,1,0,"2025-06-10 12:42:30","2025-06-10 13:49:29"
0000017797,00021,NULL,1,0,"2025-06-10 12:35:59","2025-06-10 13:29:26"
0000017796,00024,NULL,1,0,"2025-06-10 12:26:49","2025-06-10 14:14:11"
0000017795,00028,NULL,1,0,"2025-06-10 12:17:12","2025-06-10 13:34:41"
0000017794,00022,NULL,1,0,"2025-06-10 11:54:23","2025-06-10 12:41:11"
0000017793,00027,NULL,1,0,"2025-06-10 11:39:27","2025-06-10 12:32:47"
0000017792,00019,NULL,1,0,"2025-06-10 11:27:47","2025-06-10 12:24:59"
0000017791,00023,NULL,1,0,"2025-06-10 11:21:51","2025-06-10 12:39:25"
0000017790,00024,NULL,1,0,"2025-06-10 11:15:16","2025-06-10 12:21:59"
0000017789,00021,NULL,1,0,"2025-06-10 11:14:58","2025-06-10 12:31:38"
0000017788,00031,NULL,1,0,"2025-06-09 19:42:32","2025-06-09 20:30:05"
0000017787,00030,NULL,1,0,"2025-06-09 19:32:53","2025-06-09 20:42:06"
0000017786,00027,NULL,1,0,"2025-06-09 19:23:17","2025-06-09 20:24:10"
0000017785,00033,NULL,1,0,"2025-06-09 19:19:44","2025-06-09 20:40:46"
0000017784,00035,NULL,1,0,"2025-06-09 19:15:16","2025-06-09 20:34:40"
0000017783,00026,NULL,1,0,"2025-06-09 19:11:57","2025-06-09 20:28:16"
0000017782,00032,NULL,1,0,"2025-06-09 19:02:18","2025-06-09 20:38:10"
0000017781,00019,NULL,1,0,"2025-06-09 18:57:53","2025-06-09 20:22:59"
0000017780,00021,NULL,1,0,"2025-06-09 18:53:58","2025-06-09 20:33:09"
0000017779,00020,NULL,1,0,"2025-06-09 18:44:10","2025-06-09 19:36:20"
0000017778,00029,NULL,1,0,"2025-06-09 18:35:16","2025-06-09 19:47:46"
0000017777,00033,NULL,1,0,"2025-06-09 18:32:50","2025-06-09 19:14:33"
0000017776,00024,NULL,1,0,"2025-06-09 18:30:41","2025-06-09 19:50:45"
0000017775,00023,NULL,1,0,"2025-06-09 18:24:58","2025-06-09 19:37:40"
0000017774,00022,NULL,1,0,"2025-06-09 18:22:58","2025-06-09 20:22:00"
0000017773,00028,NULL,1,0,"2025-06-09 18:14:20","2025-06-09 19:44:46"
0000017772,00026,NULL,1,0,"2025-06-09 18:08:14","2025-06-09 19:05:55"
0000017771,00027,NULL,1,0,"2025-06-09 18:02:43","2025-06-09 19:22:29"
0000017770,00034,NULL,1,0,"2025-06-09 17:56:30","2025-06-09 19:56:54"
0000017769,00021,NULL,1,0,"2025-06-09 17:50:32","2025-06-09 18:47:57"
0000017768,00035,NULL,1,0,"2025-06-09 17:33:53","2025-06-09 19:04:00"
0000017767,00033,NULL,1,0,"2025-06-09 17:29:43","2025-06-09 18:27:44"
0000017766,00032,NULL,1,0,"2025-06-09 17:29:33","2025-06-09 18:51:58"
0000017765,00029,NULL,1,0,"2025-06-09 17:24:35","2025-06-09 18:17:34"
0000017764,00030,NULL,1,0,"2025-06-09 17:23:59","2025-06-09 19:27:30"
0000017763,00026,NULL,1,0,"2025-06-09 17:23:30","2025-06-09 18:00:43"
0000017762,00023,NULL,1,0,"2025-06-09 17:04:56","2025-06-09 18:15:43"
0000017761,00028,NULL,1,0,"2025-06-09 16:53:39","2025-06-09 18:06:16"
0000017760,00020,NULL,1,0,"2025-06-09 16:44:28","2025-06-09 18:29:10"
0000017759,00024,NULL,1,0,"2025-06-09 16:42:11","2025-06-09 18:19:59"
0000017758,00021,NULL,1,0,"2025-06-09 16:30:23","2025-06-09 17:04:29"
0000017757,00027,NULL,1,0,"2025-06-09 16:23:15","2025-06-09 17:49:22"
0000017756,00019,NULL,1,0,"2025-06-09 16:12:15","2025-06-09 17:26:32"
0000017755,00023,NULL,1,0,"2025-06-09 16:01:26","2025-06-09 16:51:41"
0000017754,00022,NULL,1,0,"2025-06-09 15:55:22","2025-06-09 17:43:09"
0000017753,00032,NULL,1,0,"2025-06-09 15:31:23","2025-06-09 16:03:16"
0000017752,00031,NULL,1,0,"2025-06-09 15:25:59","2025-06-09 16:21:03"
0000017751,00030,NULL,1,0,"2025-06-09 15:06:57","2025-06-09 16:10:45"
0000017750,00020,NULL,1,0,"2025-06-09 15:05:09","2025-06-09 16:25:12"
0000017749,00028,NULL,1,0,"2025-06-09 14:46:21","2025-06-09 16:15:43"
0000017748,00024,NULL,1,0,"2025-06-09 14:39:22","2025-06-09 16:06:36"
0000017747,00023,NULL,1,0,"2025-06-09 14:39:03","2025-06-09 15:38:35"
0000017746,00022,NULL,1,0,"2025-06-09 14:37:08","2025-06-09 15:44:27"
0000017745,00021,NULL,1,0,"2025-06-09 14:33:32","2025-06-09 16:07:16"
0000017744,00029,NULL,1,0,"2025-06-09 13:46:32","2025-06-09 15:40:20"
0000017743,00026,NULL,1,0,"2025-06-09 13:41:05","2025-06-09 15:03:59"
